ID,Borrower Lat,Borrower Lng,Lender Lat,Lender Lng
1,51.37,-0.025,51.524,-0.318
2,51.397,-0.116,51.421,-0.177
3,51.515,0.0193,51.493,0.0602
4,51.531,-0.225,51.521,-0.087
5,51.516,-0.13,51.509,-0.145
6,51.423,-0.047,51.43,-0.093
7,51.374,-0.048,51.487,-0.092
8,51.397,-0.116,51.421,-0.177
9,51.397,-0.116,51.533,-0.139
10,51.52,0.0155,51.498,-0.021
11,51.493,-0.047,51.545,-0.057
12,51.524,-0.072,51.487,-0.097
13,51.57,0.014,51.6,-0.009
14,51.567,-0.065,51.518,-0.135
15,51.581,0.1744,51.591,0.0301
16,51.515,-0.065,52.217,-1.505
17,51.237,-0.169,52.039,-0.769
18,51.567,-0.105,51.509,-0.145
19,34.004,36.204,51.48,-0.123
20,51.52,0.0155,51.498,-0.021
21,51.4,-0.293,51.463,-0.027
22,51.504,-0.097,51.52,-0.096
23,51.557,-0.319,51.509,-0.145
24,51.503,-0.112,51.609,-0.176
25,51.488,-0.245,51.488,-0.222
26,51.554,-0.233,51.54,-0.053
27,52.629,1.2922,51.558,-0.059
28,51.505,-0.089,51.543,-0.122
29,52.348,4.9154,51.461,-0.115
30,51.507,0.2816,51.517,-0.071
31,51.237,-0.169,51.509,-0.145
32,51.6,-0.287,51.509,-0.145
33,51.512,-0.066,51.525,-0.082
34,51.512,-0.066,51.525,-0.082
35,51.559,-0.051,51.498,-0.021
36,51.559,-0.051,51.498,-0.021
37,51.503,-0.239,51.507,-0.308
38,34.004,36.204,51.48,-0.123
39,51.542,-0.146,51.526,-0.098
40,51.51,-0.082,51.534,-0.113
41,53.482,-2.231,51.519,-0.32
42,51.563,-0.068,51.546,-0.029
43,53.441,-2.222,51.61,-0.158
44,51.487,-0.013,51.522,-0.112
45,51.545,-0.075,51.541,-0.088
46,53.441,-2.222,51.521,-0.087
47,51.503,-0.112,51.534,-0.064
48,51.53,-0.146,51.476,-0.026
49,51.532,-0.096,51.529,-0.06
50,51.491,-0.371,51.545,-0.075
51,51.491,-0.371,51.545,-0.075
52,51.503,-0.112,51.534,-0.064
53,51.503,-0.112,51.534,-0.064
54,51.493,0.3072,51.509,-0.145
55,51.493,0.3072,51.509,-0.145
56,51.493,0.3072,51.509,-0.145
57,51.493,0.3072,51.509,-0.145
58,51.456,0.0093,51.571,-0.089
59,51.524,-0.081,51.518,-0.135
60,51.524,-0.081,51.518,-0.135
61,51.645,-0.13,51.567,-0.129
62,51.5,-0.02,51.506,-0.063
63,51.551,-0.109,51.534,-0.113
64,51.532,-0.029,51.504,-0.058
65,51.601,-0.35,51.517,-0.119
66,51.583,-0.313,51.557,-0.038
67,52.153,-0.41,51.378,-0.28
68,51.534,-0.064,51.553,-0.073
69,51.544,-0.077,51.519,-0.125
70,51.544,-0.077,51.525,-0.082
71,18.662,-68.42,51.502,-0.102
72,51.814,-0.36,51.524,-0.318
73,51.535,-0.056,51.535,-0.054
74,51.535,-0.056,51.535,-0.054
75,51.499,-0.088,51.509,-0.145
76,52.052,1.1636,51.519,-0.042
77,51.737,0.464,51.527,-0.035
78,52.052,1.1636,51.519,-0.042
79,50.729,-1.846,51.523,-0.045
80,51.536,-0.198,51.521,-0.087
81,51.579,-0.03,51.435,-0.132
82,51.611,0.2138,51.587,-0.039
83,51.503,-0.112,51.534,-0.064
84,51.471,0.0657,51.461,0.0078
85,51.536,-0.198,51.509,-0.145
86,51.579,-0.03,51.513,-0.096
87,51.515,-0.037,51.513,-0.115
88,51.442,-0.042,51.424,-0.058
89,51.577,-0.099,51.532,-0.096
90,51.5,0.029,51.498,-0.021
91,51.456,-0.105,51.535,-0.073
92,51.485,-0.212,51.486,-0.224
93,51.539,-0.15,51.461,-0.115
94,51.539,-0.15,51.461,-0.115
95,51.536,-0.102,51.531,-0.105
96,51.543,-0.188,51.579,-0.03
97,51.516,-0.066,51.424,-0.058
98,51.57,0.014,51.491,-0.118
99,51.442,-0.191,51.458,-0.19
100,51.473,-0.089,51.522,-0.078
101,51.395,-0.116,51.538,-0.142
102,51.517,-0.065,52.966,-2.817
103,51.493,-0.103,51.546,-0.064
104,51.513,-0.32,51.463,-0.027
105,51.531,-0.126,51.509,-0.145
106,51.591,-0.085,51.524,-0.073
107,51.552,-0.073,51.497,-0.062
108,51.455,-0.072,50.661,-4.581
109,51.443,-0.137,51.557,-0.103
110,51.562,0.1819,51.495,-0.061
111,51.566,-0.052,51.552,-0.073
112,51.465,-0.153,51.487,-0.097
113,51.493,-0.081,51.528,-0.048
114,51.515,-0.037,51.497,-0.017
115,52.394,-1.596,51.52,-0.119
116,52.394,-1.596,51.52,-0.119
117,51.542,-0.047,51.526,-0.098
118,51.397,-0.116,51.501,-0.179
119,50.742,-1.881,51.551,0.0251
120,51.538,-0.186,51.543,-0.14
121,51.53,-0.021,51.576,-0.005
122,51.563,-0.266,51.424,-0.058
123,51.521,-0.048,51.433,-0.093
124,51.564,-0.351,51.473,-0.205
125,51.531,-0.117,51.52,-0.119
126,51.554,0.0175,51.55,0.0323
127,51.498,-0.049,51.424,-0.058
128,51.53,-0.284,51.507,-0.266
129,51.498,-0.049,51.424,-0.058
130,52.052,1.1636,51.519,-0.042
131,52.052,1.1636,51.519,-0.042
132,52.052,1.1636,51.551,-0.041
133,51.498,-0.208,51.535,-0.073
134,51.544,0.0041,51.544,0.0043
135,51.497,-0.569,51.498,-0.021
136,51.521,-0.082,51.424,-0.058
137,51.537,-0.022,51.546,-0.029
138,51.545,-0.057,51.576,0.0663
139,51.441,0.3669,51.52,-0.096
140,51.504,-0.016,51.526,-0.082
141,51.638,-0.91,51.524,-0.302
142,51.562,-0.108,51.509,-0.145
143,51.543,-0.106,51.535,-0.073
144,51.536,-0.102,51.537,-0.09
145,51.496,-0.025,51.424,-0.058
146,51.496,-0.025,51.424,-0.058
147,51.493,-0.047,51.545,-0.057
148,51.493,-0.047,51.511,-0.08
149,51.576,-0.087,51.461,-0.115
150,52.051,-0.283,51.55,-0.245
151,51.454,-0.12,51.501,-0.097
152,51.512,-0.085,51.542,-0.395
153,51.526,-0.107,51.519,-0.071
154,51.521,-0.104,51.534,-0.064
155,51.544,0.0041,51.52,-0.101
156,51.524,0.06,51.525,-0.082
157,51.524,0.06,51.525,-0.082
158,51.455,-0.067,51.543,-0.14
159,51.543,-0.183,51.523,-0.045
160,51.521,-0.082,51.542,-0.395
161,51.543,-0.183,52.966,-2.817
162,51.291,-0.774,52.228,0.1413
163,51.559,-0.059,51.461,-0.115
164,51.503,-0.102,51.544,0.0043
165,51.515,-0.071,51.447,0.0123
166,51.503,-0.102,51.544,0.0043
167,51.388,-0.118,51.556,-0.138
168,37.043,25.249,51.463,-0.107
169,37.043,25.249,51.463,-0.107
170,51.588,-0.248,51.628,-0.247
171,51.484,0.0958,51.489,0.064
172,53.36,-6.315,51.509,-0.145
173,51.557,-0.074,51.489,-0.1
174,51.588,-0.248,51.628,-0.247
175,51.579,-0.03,51.498,-0.021
176,51.504,-0.123,51.541,-0.064
177,51.48,-0.093,51.525,-0.082
178,51.48,-0.093,51.525,-0.082
179,51.551,-0.109,51.534,-0.113
180,51.649,-0.155,51.498,-0.021
181,51.524,-0.107,51.519,-0.125
182,51.524,-0.107,51.518,-0.135
183,51.585,-0.079,51.549,-0.153
184,51.553,-0.205,51.549,-0.21
185,51.595,-0.251,51.52,-0.096
186,51.526,-0.107,51.523,-0.124
187,51.526,-0.107,51.523,-0.124
188,51.502,-0.11,51.52,-0.119
189,51.711,-0.112,51.581,-0.112
190,51.524,-0.075,51.437,-0.183
191,51.54,-0.073,51.536,-0.071
192,51.54,-0.073,51.536,-0.071
193,64.148,-21.88,51.473,-0.056
194,51.519,-0.098,51.52,-0.094
195,50.837,-0.172,51.477,-0.143
196,52.389,-1.467,51.551,-0.075
197,51.473,-0.057,51.477,-0.143
198,51.532,-0.096,51.511,-0.139
199,51.535,-0.056,51.521,-0.011
200,51.556,-0.066,51.515,-0.129
201,51.532,-0.096,51.532,-0.096
202,52.405,-0.07,51.523,-0.045
203,51.552,-0.073,50.991,-3.097
204,51.559,-0.059,51.461,-0.115
205,51.51,-0.142,51.519,-0.042
206,51.51,-0.142,51.519,-0.042
207,51.524,-0.075,51.437,-0.183
208,51.532,-0.096,51.554,-0.237
209,50.826,-0.156,51.525,-0.082
210,51.476,0.0192,51.487,-0.097
211,51.606,-0.125,51.424,-0.058
212,51.543,-0.188,51.531,-0.199
213,51.482,-0.133,51.528,-0.09
214,51.542,-0.059,51.557,-0.088
215,51.495,0.0124,51.43,-0.093
216,51.58,-0.003,51.557,-0.038
217,51.531,-0.126,51.518,-0.135
218,51.519,-0.048,51.518,-0.02
219,51.53,-0.031,48.869,2.359
220,51.53,-0.031,51.549,-0.061
221,51.588,-0.035,51.532,-0.096
222,51.505,-0.098,51.487,-0.097
223,51.576,-0.206,51.567,-0.129
224,50.392,-4.134,51.509,-0.145
225,50.392,-4.134,51.509,-0.145
226,50.392,-4.134,51.509,-0.145
227,51.489,-0.222,51.424,-0.058
228,51.517,-0.12,51.57,-0.095
229,51.519,-0.171,51.553,-0.108
230,51.537,-0.486,51.525,-0.129
231,51.532,-0.088,51.532,-0.088
232,51.552,-0.073,51.536,-0.203
233,51.552,-0.073,51.536,-0.203
234,51.495,-0.066,51.509,-0.145
235,51.417,-0.28,51.487,-0.147
236,51.585,-0.062,51.509,-0.145
237,51.524,-0.075,51.516,-0.132
238,57.682,11.909,51.556,-0.138
239,51.51,-0.117,51.441,-0.128
240,51.542,-0.047,51.526,-0.098
241,51.524,0.06,51.525,-0.082
242,51.524,-0.075,51.495,-0.133
243,51.51,-0.117,51.441,-0.128
244,51.496,-0.025,51.547,-0.006
245,51.572,-0.092,51.547,0.0074
246,50.729,-1.846,51.513,-0.115
247,50.729,-1.846,51.513,-0.115
248,50.729,-1.846,51.513,-0.115
249,50.729,-1.846,51.525,-0.082
250,50.729,-1.846,51.525,-0.082
251,51.711,-0.112,51.593,-0.063
252,51.544,0.0041,51.52,-0.101
253,51.532,-0.096,51.586,-0.253
254,51.496,-0.025,51.424,-0.058
255,51.388,-0.118,51.557,-0.038
256,51.375,-0.093,51.52,-0.096
257,51.542,-0.004,51.509,-0.067
258,51.532,-0.096,51.529,-0.073
259,52.365,0.8755,51.569,-0.001
260,52.365,0.8755,51.571,-0.123
261,50.729,-1.846,51.513,-0.115
262,50.729,-1.846,51.525,-0.082
263,51.474,0.0465,51.491,-0.093
264,51.477,-0.081,51.889,0.2615
265,51.517,-0.041,51.541,-0.088
266,51.532,-0.088,51.532,-0.088
267,51.54,-0.208,42.955,9.4486
268,51.474,0.0465,51.491,-0.093
269,51.532,-0.088,51.536,-0.071
270,51.443,-0.137,51.518,-0.135
271,51.517,-0.155,51.466,-0.042
272,51.513,-0.217,51.519,-0.125
273,51.513,-0.217,51.524,-0.302
274,51.517,-0.155,51.466,-0.042
275,51.571,-0.113,51.519,-0.099
276,51.626,-0.102,51.586,-0.056
277,51.496,-0.088,51.512,-0.066
278,51.415,-0.075,51.52,-0.096
279,51.496,-0.088,51.512,-0.066
280,51.59,-0.093,51.553,-0.073
281,51.422,-0.161,53.481,-2.233
282,51.626,-0.102,51.551,-0.041
283,51.626,-0.102,51.551,-0.041
284,51.53,-0.146,51.518,-0.135
285,56.952,24.122,51.509,-0.145
286,51.565,0.1404,51.437,0.0731
287,51.415,-0.075,51.487,-0.097
288,51.471,0.0657,51.424,-0.058
289,51.53,-0.285,51.537,-0.206
290,51.559,-0.092,51.532,-0.096
291,51.626,-0.102,51.546,-0.104
292,51.522,-0.398,51.497,-0.212
293,51.435,-0.159,51.514,-0.109
294,51.482,-0.133,51.487,-0.097
295,51.481,-0.082,51.504,-0.086
296,52.408,-1.542,51.523,-0.21
297,51.492,-0.1,51.585,-0.116
298,51.569,-0.141,51.557,-0.103
299,51.518,-0.628,51.532,-0.096
300,51.53,-0.044,51.534,-0.064
301,51.508,-0.262,51.464,-0.214
302,51.579,-0.03,51.496,0.1159
303,51.505,-0.089,51.55,0.0323
304,51.505,-0.089,51.509,-0.145
305,51.579,-0.071,51.534,-0.064
306,51.579,-0.071,51.534,-0.064
307,51.579,-0.071,51.534,-0.064
308,51.579,-0.071,51.534,-0.064
309,51.579,-0.071,51.534,-0.064
310,51.5,-0.018,51.497,-0.017
311,51.524,-0.076,51.606,-0.125
312,51.524,-0.076,51.606,-0.125
313,51.521,-0.16,51.532,-0.096
314,51.384,-0.195,51.524,-0.318
315,51.544,-0.068,51.544,-0.068
316,51.519,-0.138,51.532,-0.096
317,51.539,-0.095,51.554,-0.136
318,51.486,-0.16,51.787,-0.786
319,51.595,-0.251,51.536,-0.071
320,51.379,-0.098,51.518,-0.135
321,51.597,0.2325,51.523,-0.076
322,51.492,-0.082,51.509,-0.145
323,51.491,-0.371,51.487,-0.097
324,51.491,-0.371,51.487,-0.097
325,51.525,-0.129,45.944,6.4351
326,51.638,-0.494,53.384,-1.495
327,51.767,-0.423,51.536,-0.066
328,51.559,-0.051,51.525,-0.129
329,51.579,-0.017,51.6,-0.009
330,51.704,-0.617,51.475,0.0464
331,51.455,-0.067,51.532,-0.096
332,51.526,-0.076,51.528,-0.048
333,51.426,-0.2,31.991,34.881
334,51.526,-0.065,51.551,0.0251
335,51.567,0.1054,51.509,-0.145
336,51.532,0.0129,51.498,-0.021
337,51.462,0.1072,51.587,-0.039
338,51.6,-0.017,51.541,-0.088
339,51.534,-0.228,51.541,-0.064
340,51.534,-0.228,51.504,-0.25
341,51.477,-0.143,51.43,-0.161
342,48.869,2.359,51.512,-0.032
343,51.54,-0.157,51.521,-0.087
344,51.523,-0.11,51.375,-0.08
345,51.473,-0.019,51.463,-0.059
346,51.536,-0.059,51.553,-0.039
347,51.354,0.0898,51.465,-0.038
348,18.662,-68.42,51.502,-0.102
349,51.54,-0.14,51.541,-0.132
350,51.571,-0.113,51.571,-0.089
351,51.571,-0.113,51.571,-0.089
352,51.571,-0.113,51.519,-0.099
353,51.51,-0.133,51.519,-0.125
354,51.062,-0.325,51.525,-0.082
355,51.554,-0.12,51.529,-0.087
356,51.481,-0.198,51.522,-0.078
357,51.567,-0.105,51.509,-0.145
358,51.494,-0.145,51.538,-0.142
359,51.494,-0.145,51.62,-0.079
360,51.494,-0.145,51.533,-0.139
361,51.494,-0.145,51.62,-0.079
362,51.475,-0.031,51.545,-0.063
363,51.504,-0.024,51.437,0.0731
364,51.494,-0.145,13.73,100.56
365,51.567,-0.107,51.558,-0.082
366,51.497,-0.062,51.734,-0.392
367,51.237,-0.169,51.509,-0.145
368,51.525,-0.082,51.52,-0.101
369,51.68,-0.401,51.487,-0.097
370,51.565,0.1404,51.437,0.0731
371,51.483,-0.208,51.509,-0.145
372,51.483,-0.208,51.509,-0.145
373,51.548,0.0076,51.532,-0.096
374,51.51,-0.304,51.55,-0.245
375,51.546,-0.086,51.535,-0.073
376,51.512,-0.066,51.447,-0.149
377,51.514,-0.104,51.518,-0.135
378,51.521,-0.02,51.481,-0.084
379,51.521,-0.078,51.52,-0.096
380,51.521,-0.078,-35.04,138.6
381,51.503,-0.017,51.546,-0.155
382,51.589,0.0034,51.509,-0.08
383,51.475,-0.043,51.567,-0.053
384,51.503,-0.017,51.498,-0.021
385,51.512,-0.066,51.447,-0.149
386,64.148,-21.88,51.541,-0.064
387,51.449,-0.04,50.385,-3.528
388,51.562,0.1819,51.495,-0.061
389,51.587,-0.058,51.543,-0.122
390,51.576,-0.206,51.6,-0.009
391,51.493,-0.103,51.496,-0.104
392,51.525,-0.13,51.556,-0.138
393,51.49,-0.179,51.442,-0.348
394,51.523,-0.101,51.526,-0.021
395,51.491,-0.093,51.546,-0.104
396,51.521,-0.078,51.536,-0.071
397,51.53,-0.028,51.504,-0.086
398,51.988,-0.989,51.512,-0.253
399,51.523,-0.068,51.521,-0.087
400,51.499,-0.088,51.516,-0.132
401,51.537,-0.133,51.529,-0.087
402,51.53,-0.077,51.546,-0.041
403,51.491,-0.093,51.546,-0.104
404,51.464,-0.169,51.519,-0.042
405,51.464,-0.169,51.519,-0.042
406,51.464,-0.169,51.519,-0.042
407,51.464,-0.169,51.519,-0.042
408,51.464,-0.169,51.519,-0.042
409,51.464,-0.169,51.519,-0.042
410,51.517,-0.041,51.485,0.001
411,52.243,0.7112,51.525,-0.129
412,51.525,-0.025,51.583,-0.062
413,51.542,-0.056,41.709,44.802
414,51.456,-0.02,51.535,-0.073
415,51.517,-0.041,51.524,-0.034
416,51.592,-0.074,51.522,-0.112
417,51.609,0.2951,51.567,-0.122
418,51.609,0.2951,51.581,-0.018
419,51.491,-0.093,51.486,-0.14
420,51.491,-0.093,51.486,-0.14
421,50.729,-1.846,51.528,0.0268
422,51.516,-0.13,51.509,-0.145
423,51.49,0.1051,51.423,-0.062
424,51.681,-0.033,51.525,-0.129
425,51.645,-0.196,51.532,-0.096
426,51.548,0.1297,51.567,-0.129
427,51.543,-0.206,51.509,-0.145
428,51.547,-0.006,51.469,-0.067
429,51.542,-0.044,51.524,-0.034
430,51.569,-0.293,51.541,-0.088
431,51.548,-0.155,51.525,-0.083
432,51.621,-0.175,51.541,-0.088
433,51.397,-0.116,53.481,-2.233
434,51.539,-0.053,51.519,-0.099
435,51.588,-0.248,51.628,-0.247
436,51.54,-0.143,51.54,-0.143
437,51.592,-0.074,51.522,-0.112
438,51.592,-0.074,51.522,-0.112
439,51.594,-0.067,51.633,-0.042
440,51.35,-0.023,51.476,-0.056
441,51.542,-0.044,51.564,-0.073
442,52.394,-1.596,51.52,-0.119
443,51.379,-0.098,51.541,-0.064
444,51.46,-0.114,51.551,-0.041
445,51.539,-0.053,51.524,-0.318
446,51.549,-0.29,51.509,-0.145
447,51.535,-0.078,51.525,-0.058
448,51.562,0.1819,51.495,-0.061
449,51.512,-0.09,51.52,-0.096
450,51.488,0.0659,51.501,0.0052
451,51.868,-0.406,51.571,-0.089
452,51.528,-0.074,13.73,100.56
453,51.471,0.0657,51.424,-0.058
454,51.475,-0.031,51.504,-0.086
455,51.278,1.0748,51.556,-0.138
456,51.278,1.0748,52.228,0.1413
457,51.532,-0.095,51.535,-0.054
458,51.542,-0.079,51.486,0.0657
459,51.589,-0.039,51.57,0.014
460,51.569,-0.026,51.579,-0.03
461,51.532,0.0129,51.498,-0.021
462,51.496,-0.079,51.538,-0.142
463,51.484,0.0284,51.487,-0.097
464,51.639,-0.339,51.628,-0.247
465,51.639,-0.339,51.628,-0.247
466,51.505,-0.089,51.557,-0.098
467,51.512,-0.066,51.483,-0.054
468,51.488,-0.245,51.524,-0.302
469,51.483,-0.099,51.49,-0.163
470,51.519,-0.108,51.522,-0.2
471,51.651,-0.248,51.526,-0.21
472,51.544,-0.146,54.473,-2.35
473,51.568,-0.076,51.544,-0.076
474,51.698,-0.431,51.571,-0.089
475,51.509,-0.091,51.54,-0.143
476,51.579,-0.03,51.514,-0.014
477,51.455,-0.155,51.509,-0.08
478,51.488,-0.095,51.512,-0.084
479,51.511,-0.079,51.511,-0.08
480,51.462,-0.128,51.516,-0.103
481,51.911,-0.466,51.513,-0.115
482,51.911,-0.466,51.513,-0.115
483,51.911,-0.466,51.513,-0.115
484,51.48,-0.022,51.487,-0.097
485,51.543,0.022,51.487,-0.097
486,47.374,8.5247,50.104,14.449
487,51.579,-0.03,51.423,-0.062
488,51.27,0.5156,51.487,-0.097
489,51.27,0.5156,51.487,-0.097
490,51.491,-0.093,51.504,-0.105
491,51.426,-0.2,31.991,34.881
492,51.533,-0.121,51.472,-0.102
493,51.452,-0.251,51.498,-0.237
494,51.569,-0.026,51.521,-0.087
495,51.522,-0.137,51.547,0.0074
496,51.532,-0.029,51.504,-0.058
497,51.491,-0.093,51.504,-0.105
498,51.525,-0.082,51.541,-0.088
499,51.525,-0.082,51.541,-0.088
500,51.635,-0.039,51.532,-0.076
501,51.483,-0.099,31.991,34.881
502,51.911,-0.466,51.734,-0.392
503,51.501,-0.112,51.787,-0.786
504,51.592,-0.307,45.944,6.4351
505,51.519,-0.097,51.581,-0.112
506,51.521,-0.11,51.511,-0.328
507,51.455,-0.155,51.461,-0.115
508,51.558,-0.194,51.645,-0.13
509,51.521,-0.11,51.525,-0.129
510,51.491,-0.194,51.519,-0.042
511,51.478,0.0462,51.474,-0.12
512,51.558,-0.194,51.645,-0.13
513,51.558,-0.194,51.645,-0.13
514,51.576,0.0663,51.497,-0.183
515,51.494,-0.101,51.537,-0.103
516,51.541,-0.058,52.213,-9.938
517,51.494,-0.101,51.538,-0.074
518,51.5,0.029,51.498,-0.021
519,51.375,-0.093,51.52,-0.096
520,51.531,-0.111,51.509,-0.08
521,51.393,0.56,51.473,-0.056
522,51.509,-0.336,51.461,-0.115
523,51.521,-0.202,51.485,-0.093
524,51.499,-0.088,51.484,-0.103
525,51.504,-0.017,51.509,-0.145
526,51.504,-0.017,51.509,-0.145
527,51.527,-0.024,51.518,-0.135
528,51.565,0.1404,51.437,0.0731
529,51.577,-0.148,51.525,-0.083
530,51.567,0.1054,51.509,-0.145
531,51.523,-0.104,51.487,-0.097
532,51.523,-0.104,51.487,-0.097
533,51.535,-0.078,51.525,-0.058
534,51.523,-0.104,51.487,-0.097
535,51.583,-0.029,51.519,-0.042
536,51.413,-0.051,51.532,-0.096
537,51.428,-0.043,51.429,-0.101
538,51.543,-0.025,51.523,-0.091
539,51.54,-0.148,51.592,-0.239
540,51.567,-0.115,51.581,-0.112
541,51.49,-0.163,51.461,-0.115
542,51.504,-0.097,51.532,-0.079
543,51.639,-0.067,53.612,-1.728
544,51.531,-0.111,51.509,-0.08
545,51.544,-0.068,51.498,-0.021
546,51.544,-0.068,51.498,-0.021
547,51.601,0.4433,51.497,-0.183
548,51.541,-0.182,51.496,-0.257
549,51.483,-0.099,51.49,-0.163
550,51.576,-0.005,51.588,-0.035
551,55.687,12.559,51.518,-0.135
552,51.499,-0.088,51.572,-0.1
553,51.525,-0.083,51.496,-0.037
554,51.524,-0.106,51.519,-0.048
555,51.698,-0.431,51.547,-0.006
556,51.509,-0.299,51.487,-0.097
557,51.497,-0.102,51.424,-0.058
558,51.497,-0.102,51.424,-0.058
559,51.502,-0.223,51.522,-0.2
560,51.535,-0.19,51.509,-0.145
561,51.535,-0.19,51.509,-0.145
562,51.496,-0.025,51.536,-0.071
563,51.545,-0.01,51.523,-0.045
564,51.563,-0.046,51.43,-0.093
565,51.569,-0.265,51.544,-0.113
566,51.497,-0.102,51.534,-0.241
567,51.512,-0.136,51.513,-0.232
568,51.536,-0.198,51.541,-0.132
569,45.833,8.8046,51.494,-0.114
570,51.544,-0.029,51.591,0.0301
571,51.488,-0.095,51.496,-0.13
572,51.491,-0.155,51.526,-0.098
573,51.464,-0.214,51.567,0.0117
574,51.464,-0.214,51.567,0.0117
575,51.464,-0.214,51.545,-0.075
576,51.449,-0.029,51.525,-0.129
577,51.56,-0.283,51.533,-0.095
578,51.445,-0.127,51.53,-0.284
579,51.488,-0.095,40.723,-73.99
580,51.59,0.0695,51.429,-0.101
581,51.372,0.4786,51.529,-0.073
582,51.49,-0.163,51.487,-0.092
583,51.508,0.0186,51.537,-0.057
584,50.729,-1.846,51.462,-0.105
585,51.594,-0.022,51.461,-0.115
586,51.522,0.0501,35.97,14.349
587,51.513,-0.039,51.511,-0.139
588,51.576,-0.095,51.557,-0.038
589,51.535,-0.06,51.519,-0.125
590,51.547,0.123,51.498,-0.021
591,-8.781,115.17,51.487,-0.06
592,51.557,-0.072,51.565,-0.085
593,51.557,-0.072,51.565,-0.085
594,-8.781,115.17,51.487,-0.06
595,51.557,-0.072,51.565,-0.085
596,51.603,-0.083,51.514,-0.109
597,51.531,-0.126,51.509,-0.145
598,51.531,-0.126,51.509,-0.145
599,51.531,-0.126,51.509,-0.145
600,51.531,-0.126,51.509,-0.145
601,51.536,0.0796,51.518,-0.135
602,51.513,-0.32,51.53,-0.146
603,51.53,-0.146,51.538,-0.099
604,51.552,-0.159,51.515,-0.1
605,51.583,-0.226,51.397,-2.39
606,51.531,-0.126,51.509,-0.145
607,51.579,-0.03,51.545,-0.114
608,51.473,-0.064,51.424,-0.058
609,51.507,-0.127,51.424,-0.058
610,51.563,-0.056,51.516,-0.13
611,51.509,-0.059,51.463,-0.128
612,51.456,-0.24,51.45,-0.196
613,51.403,-0.112,51.509,-0.145
614,51.434,-0.129,51.519,-0.042
615,51.442,-0.191,51.458,-0.19
616,51.494,-0.101,51.524,-0.318
617,51.46,-0.114,51.551,-0.041
618,51.525,-0.129,51.429,-0.101
619,51.525,-0.129,51.513,-0.228
620,52.243,0.7112,51.583,-0.063
621,51.55,0.0942,51.505,-0.221
622,51.5,-0.116,51.524,-0.318
623,51.579,-0.017,51.6,-0.009
624,51.524,-0.074,51.523,-0.045
625,51.524,-0.074,51.523,-0.045
626,51.532,-0.096,51.509,0.0297
627,51.557,-0.319,51.541,-0.088
628,51.455,-0.067,51.528,-0.188
629,51.577,-0.152,51.513,-0.096
630,51.542,-0.056,41.709,44.802
631,51.433,-0.154,51.504,-0.086
632,51.487,-0.013,51.522,-0.112
633,51.476,-0.222,51.53,-0.204
634,51.647,-0.527,51.538,-0.142
635,51.462,-0.017,51.503,-0.083
636,51.441,-0.11,51.504,-0.086
637,51.516,-0.13,51.509,-0.145
638,51.552,-0.141,51.555,-0.233
639,51.459,-0.196,51.461,-0.225
640,51.539,-0.899,51.509,-0.075
641,51.547,0.123,51.52,-0.101
642,51.525,-0.083,51.506,-0.253
643,51.547,0.123,51.498,-0.021
644,51.525,-0.082,51.518,-0.179
645,51.572,0.0934,51.397,-2.39
646,51.47,-0.224,51.45,-0.196
647,51.479,-0.078,51.547,0.0074
648,51.536,-0.197,51.519,-0.099
649,51.52,-0.017,51.513,-0.014
650,51.554,-0.066,50.991,-3.097
651,51.516,-0.234,51.509,-0.145
652,51.6,-0.009,51.609,-0.176
653,51.511,-0.319,51.45,-0.196
654,51.545,-0.087,51.461,-0.115
655,51.406,-0.096,51.476,-0.056
656,51.527,-0.082,51.461,-0.115
657,51.452,-0.251,51.498,-0.237
658,51.526,-0.066,51.519,-0.042
659,51.545,-0.087,51.53,-0.063
660,51.441,0.3669,51.589,-0.108
661,51.525,-0.135,51.51,-0.136
662,51.525,-0.135,51.494,0.0552
663,51.513,-0.32,51.375,-0.08
664,50.948,-2.518,51.525,-0.083
665,40.758,-73.98,51.498,-0.132
666,51.119,-0.163,51.497,-0.281
667,51.495,-0.095,51.513,-0.232
668,51.461,-0.115,51.452,0.0157
669,51.544,-0.022,51.535,-0.056
670,51.479,-0.179,51.511,-0.319
671,51.563,-0.375,51.555,-0.233
672,51.601,0.4433,51.497,-0.183
673,51.513,-0.307,51.23,6.726
674,51.474,-0.059,51.585,-0.027
675,51.474,-0.059,51.585,-0.027
676,51.474,-0.059,51.585,-0.027
677,51.521,0.0024,51.43,-0.093
678,51.554,-0.066,51.536,-0.071
679,52.044,-0.744,51.498,-0.021
680,51.459,-0.137,51.537,-0.09
681,51.554,-0.066,51.43,-0.093
682,51.474,0.0464,51.491,-0.093
683,51.767,-0.423,51.536,-0.066
684,51.554,-0.066,51.536,-0.071
685,51.525,-0.083,51.476,-0.026
686,51.527,-0.082,51.464,-0.056
687,51.53,0.011,51.538,-0.142
688,51.44,-0.189,51.487,-0.06
689,51.445,-0.11,51.555,-0.057
690,51.608,0.108,51.487,-0.097
691,51.516,-0.133,51.519,-0.042
692,51.465,-0.18,51.461,-0.203
693,51.532,-0.006,51.544,-0.052
694,51.471,-0.164,51.509,-0.145
695,51.473,-0.07,51.465,-0.038
696,51.523,-0.075,51.519,-0.042
697,51.495,-0.095,51.532,-0.096
698,51.554,0.0175,51.55,0.0323
699,51.516,-0.301,51.541,-0.088
700,51.352,-0.01,51.498,-0.021
701,51.56,-0.074,51.521,-0.087
702,51.618,-0.054,51.527,-0.103
703,51.392,-0.134,51.504,-0.199
704,51.52,-0.091,51.487,-0.097
705,51.468,-0.093,51.498,-0.021
706,50.729,-1.846,51.523,-0.045
707,51.535,-0.056,51.513,-0.115
708,51.535,-0.056,51.521,-0.011
709,51.523,-0.014,51.509,-0.145
710,51.557,-0.319,51.513,-0.029
711,51.483,0.0351,51.519,-0.016
712,51.497,-0.017,51.532,-0.088
713,51.536,-0.059,51.553,-0.039
714,51.541,-0.088,41.334,36.262
715,51.473,-0.211,51.463,-0.209
716,51.51,0.1288,51.532,-0.09
717,51.467,-0.22,51.444,-0.206
718,51.403,-0.112,51.509,-0.145
719,51.492,-0.102,51.522,-0.139
720,51.587,-0.079,51.524,-0.094
721,51.582,-0.146,51.532,-0.096
722,51.582,-0.146,51.532,-0.096
723,51.392,-0.134,51.504,-0.199
724,51.475,-0.01,51.537,-0.103
725,51.497,-0.569,51.498,-0.021
726,51.571,-0.023,52.564,-1.819
727,51.392,-0.134,51.463,-0.183
728,51.583,-0.226,51.556,0.0159
729,51.392,-0.134,51.476,-0.109
730,51.47,-0.067,51.461,-0.115
731,51.338,-0.434,51.525,-0.105
732,51.403,-0.112,51.522,-0.2
733,51.579,-0.03,51.498,-0.021
734,51.441,-0.001,51.487,-0.097
735,51.449,-0.029,51.458,-0.19
736,51.504,-0.097,51.506,-0.042
737,51.446,-0.187,51.478,-0.096
738,51.444,-0.019,51.515,-0.175
739,51.521,-0.161,51.498,-0.021
740,51.626,-0.139,51.489,-0.046
741,51.525,-0.13,51.556,-0.138
742,51.532,-0.022,51.513,-0.115
743,51.532,-0.022,51.513,-0.115
744,51.524,-0.302,51.499,-0.088
745,51.476,-0.037,51.584,-0.106
746,51.476,-0.037,51.584,-0.106
747,51.585,-2.991,51.517,-0.071
748,51.511,-0.319,51.479,-0.179
749,51.54,-0.001,51.375,-0.08
750,51.53,-0.044,51.512,-0.066
751,51.542,-0.907,51.523,-0.045
752,51.547,-0.045,51.442,-0.348
753,51.587,-0.119,51.598,-0.071
754,51.582,-0.116,51.571,-0.123
755,51.496,-0.025,51.49,-0.163
756,51.532,0.0129,51.498,-0.021
757,51.53,-0.217,51.533,-0.08
758,51.544,-0.047,51.516,-0.13
759,18.662,-68.42,51.502,-0.102
760,51.531,-0.199,51.51,-0.136
761,51.519,-0.098,51.52,-0.101
762,51.544,-0.077,51.567,-0.129
763,51.512,-0.089,51.536,-0.141
764,51.447,-0.125,51.441,-0.128
765,51.47,-0.067,51.378,-0.28
766,51.371,-0.108,51.501,-0.179
767,52.454,-1.773,51.524,0.06
768,51.53,-0.02,51.476,-0.037
769,51.405,-0.3,51.465,-0.038
770,51.53,-0.02,51.509,-0.276
771,51.112,-4.176,51.598,-0.071
772,51.802,-1.074,51.478,-0.096
773,51.5,-0.116,51.524,-0.318
774,51.487,0.0215,51.576,-0.005
775,51.554,-0.12,51.535,-0.054
776,51.558,-0.142,51.525,-0.082
777,51.506,-0.149,51.554,-0.098
778,51.493,-0.048,51.424,-0.058
779,51.549,-0.088,51.553,-0.045
780,51.42,-0.175,51.461,-0.225
781,51.525,-0.076,51.509,-0.145
782,51.525,-0.076,51.509,-0.145
783,51.525,-0.076,51.509,-0.145
784,51.547,-0.086,51.536,-0.071
785,51.539,-0.057,51.543,-0.057
786,51.535,-0.104,51.581,-0.112
787,51.535,-0.104,51.581,-0.112
788,51.535,-0.104,51.581,-0.112
789,6.5789,3.3216,51.595,-0.251
790,51.535,-0.104,51.581,-0.112
791,51.491,-0.089,51.535,-0.056
792,51.404,-0.086,51.579,-0.003
793,51.551,-0.075,51.541,-0.088
794,51.507,-0.137,51.532,-0.096
795,51.514,-0.072,51.516,-0.103
796,51.513,-0.114,50.82,-0.135
797,52.966,-2.817,51.591,0.0301
798,51.588,-0.035,51.532,-0.096
799,51.571,-0.113,51.513,-0.029
800,51.516,-0.213,51.543,-0.14
801,51.516,-0.213,51.543,-0.14
802,51.516,-0.213,51.543,-0.14
803,51.516,-0.213,51.543,-0.14
804,52.918,-1.5,51.378,-0.28
805,51.495,-0.192,51.628,-0.247
806,51.445,-0.11,51.543,-0.122
807,51.445,-0.11,51.543,-0.122
808,51.57,0.014,51.475,0.0723
809,51.577,0.062,51.587,-0.039
810,51.495,-0.095,51.513,-0.228
811,51.607,-0.191,51.527,-0.035
812,51.404,-0.086,51.488,-0.109
813,-8.775,115.17,51.397,0.5539
814,51.505,-0.089,51.509,-0.145
815,51.505,-0.089,51.509,-0.145
816,51.507,-0.143,51.532,-0.139
817,51.606,-0.42,51.532,-0.096
818,51.463,-0.096,51.537,-0.206
819,51.501,-0.128,51.463,-0.107
820,51.506,-0.005,51.498,-0.021
821,51.535,-0.056,51.513,-0.115
822,51.537,-0.084,51.498,-0.021
823,51.504,-0.245,51.524,-0.318
824,51.501,-0.711,51.508,-0.306
825,51.413,-0.033,51.461,-0.115
826,51.476,-0.037,42.961,9.4512
827,51.476,-0.037,51.378,-0.28
828,51.491,-0.24,51.486,-0.224
829,51.52,-0.119,51.52,-0.119
830,51.489,-0.255,51.509,-0.145
831,51.54,-0.044,52.217,-1.505
832,51.57,-0.076,51.527,-0.091
833,51.398,-0.095,52.217,-1.505
834,51.539,-0.094,51.525,-0.083
835,52.044,-0.744,51.524,-0.318
836,52.044,-0.744,51.524,-0.318
837,51.528,-0.076,51.519,-0.099
838,51.613,-0.092,51.474,-0.12
839,51.459,-0.136,51.471,-0.129
840,51.512,-0.129,51.485,-0.093
841,51.52,-0.119,51.52,-0.119
842,51.525,-0.103,51.522,-0.147
843,51.484,-0.065,51.481,-0.197
844,51.535,-0.06,51.519,-0.125
845,51.585,-0.169,51.582,-0.122
846,51.499,-0.088,51.579,-0.003
847,51.514,-0.12,51.519,-0.099
848,51.586,0.0213,51.461,-0.115
849,51.586,0.0213,51.62,-0.079
850,51.586,0.0213,51.461,-0.115
851,51.445,-0.127,51.53,-0.284
852,51.547,-0.023,51.378,-0.28
853,51.577,0.0858,51.551,-0.17
854,51.528,-0.076,51.519,-0.099
855,51.532,-0.096,51.586,-0.253
856,51.493,0.0602,51.43,-0.093
857,51.557,-0.089,51.545,-0.075
858,51.516,-0.213,51.543,-0.14
859,51.434,-0.129,51.519,-0.042
860,51.434,-0.129,51.519,-0.042
861,51.494,-0.188,51.531,-0.222
862,51.523,-0.075,51.52,-0.101
863,51.613,-0.092,51.486,-0.224
864,51.544,-0.029,51.591,0.0301
865,51.405,-0.165,51.519,-0.125
866,51.495,0.0132,51.498,-0.021
867,51.499,-0.077,51.524,-0.318
868,51.471,-0.487,51.57,-0.109
869,51.475,-0.028,51.499,-0.023
870,51.483,-0.055,51.519,-0.042
871,51.532,-0.096,51.541,-0.064
872,51.471,-0.487,51.57,-0.109
873,51.537,-0.076,51.556,-0.138
874,51.523,-0.048,51.617,-0.112
875,51.553,-0.066,51.427,-0.195
876,51.554,-0.056,57.138,-2.22
877,51.544,-0.047,51.516,-0.13
878,51.495,-0.133,51.569,-0.001
879,51.507,-0.143,51.548,0.0605
880,51.507,-0.11,51.596,-0.067
881,51.532,-0.094,51.533,-0.095
882,51.546,-0.293,51.53,-0.063
883,51.528,-0.09,51.524,-0.094
884,51.574,-0.076,40.757,-73.97
885,51.433,-0.093,51.459,-0.073
886,51.433,-0.093,51.459,-0.073
887,51.523,-0.083,51.487,-0.097
888,51.477,-0.143,51.479,-0.179
889,51.477,-0.143,51.463,-0.107
890,51.48,-0.019,51.523,-0.045
891,51.514,-0.104,51.484,-0.182
892,51.491,-0.089,51.535,-0.056
893,51.464,-0.169,51.532,-0.096
894,51.585,-0.169,51.582,-0.122
895,51.557,-0.089,51.523,-0.045
896,51.557,-0.089,51.545,-0.075
897,51.532,0.0129,51.498,-0.021
898,51.475,-0.024,51.463,-0.107
899,51.526,-0.036,51.519,-0.068
900,51.55,0.0942,51.487,-0.097
901,51.475,-0.024,51.537,-0.103
902,51.446,-0.046,41.709,44.802
903,51.475,-0.024,51.487,-0.097
904,51.475,-0.024,51.495,-0.221
905,51.543,-0.206,51.509,-0.145
906,51.544,-0.035,40.723,-73.99
907,52.992,-1.105,34.754,32.422
908,51.528,-0.084,51.527,-0.091
909,51.587,-0.079,51.475,0.0723
910,51.532,-0.094,51.533,-0.095
911,51.47,-0.067,51.509,-0.145
912,53.397,-3.097,51.519,-0.042
913,51.784,-0.08,51.569,-0.001
914,51.552,-0.07,51.534,-0.064
915,51.552,-0.07,51.452,0.0157
916,51.392,-0.303,51.509,-0.145
917,51.495,0.0142,51.523,-0.098
918,51.442,-0.042,51.531,-0.089
919,51.475,-0.024,51.444,-0.057
920,51.518,-0.184,51.524,-0.318
921,51.405,-0.173,51.52,-0.134
922,51.543,-0.071,51.541,-0.064
923,51.543,-0.071,51.541,-0.064
924,51.543,-0.071,51.541,-0.064
925,51.543,-0.071,51.541,-0.064
926,51.515,-0.037,51.506,-0.218
927,34.754,32.422,51.512,-0.032
928,51.543,-0.071,51.545,-0.075
929,51.525,-0.187,51.509,-0.145
930,51.49,-0.094,51.485,-0.093
931,51.237,-0.169,52.039,-0.769
932,51.514,-0.12,51.519,-0.099
933,51.516,-0.213,51.543,-0.14
934,51.551,-0.241,51.628,-0.247
935,51.442,-0.042,51.516,-0.06
936,51.464,-0.057,51.487,-0.097
937,51.535,-0.056,51.534,-0.064
938,51.495,0.0142,51.507,-0.073
939,51.516,-0.213,51.543,-0.14
940,51.516,-0.213,51.543,-0.14
941,51.535,-0.056,51.521,-0.011
942,51.516,-0.213,51.543,-0.14
943,51.532,-0.268,51.476,-0.026
944,51.495,0.0142,-35.04,138.6
945,51.237,-0.169,51.509,-0.145
946,51.48,-0.268,51.515,-0.129
947,51.477,-0.081,51.889,0.2615
948,51.477,-0.081,51.509,-0.145
949,51.583,-0.063,51.583,-0.063
950,51.577,0.0855,51.551,-0.17
951,51.542,-0.003,51.498,-0.021
952,51.563,-0.068,51.546,-0.029
953,51.506,-0.546,51.567,-0.122
954,51.495,0.0142,51.514,-0.131
955,43.292,-1.866,51.504,-0.129
956,51.514,0.0079,51.536,-0.094
957,51.516,-0.213,51.543,-0.14
958,51.511,-0.288,51.544,-0.113
959,51.506,-0.261,51.43,-0.093
960,51.469,-0.503,51.523,-0.045
961,51.588,-0.059,51.546,-0.064
962,51.407,-0.192,51.478,-0.011
963,51.407,-0.192,51.478,-0.011
964,51.487,0.0663,51.489,0.064
965,51.493,-0.103,51.589,-0.108
966,51.485,-0.099,51.487,-0.097
967,51.493,-0.173,51.533,-0.139
968,51.521,-0.077,51.547,-0.042
969,51.513,0.0059,51.546,-0.029
970,51.436,-0.053,51.476,-0.037
971,51.504,-0.097,51.506,-0.042
972,51.496,-0.095,51.487,-0.097
973,51.518,0.0511,40.718,-74.08
974,51.602,-0.334,51.52,-0.119
975,51.545,-0.141,51.609,-0.176
976,51.868,-0.406,51.405,-0.3
977,51.539,-0.116,51.537,-0.09
978,51.567,-0.1,51.531,-0.038
979,51.535,-0.056,51.546,-0.029
980,51.546,-0.293,51.511,-0.319
981,51.532,-0.096,51.509,0.0297
982,51.547,-0.071,51.577,-0.236
983,51.484,0.0968,51.889,0.2615
984,51.489,-0.255,51.509,-0.145
985,51.446,-0.187,51.555,-0.057
986,51.55,-0.138,51.525,-0.083
987,51.577,0.0855,51.551,-0.17
988,51.55,0.091,51.561,-0.205
989,51.481,0.0624,51.487,-0.097
990,51.521,-0.135,51.519,-0.048
991,51.521,-0.135,51.509,-0.145
992,51.442,-0.058,51.465,-0.038
993,51.55,0.091,51.561,-0.205
994,51.521,0.5569,52.564,-1.819
995,51.443,-0.124,51.514,-0.014
996,51.491,-0.098,51.509,-0.145
997,51.523,-0.076,51.498,-0.021
998,51.523,-0.076,51.498,-0.021
999,51.583,-0.029,51.527,-0.035
1000,51.587,-0.058,51.589,-0.108
1001,51.511,-0.308,51.486,-0.224
1002,51.589,-0.039,51.566,-0.056
1003,51.613,-0.122,51.487,-0.147
1004,51.464,-0.113,51.513,-0.228
1005,51.464,-0.113,51.513,-0.228
1006,51.464,-0.113,51.513,-0.228
1007,52.052,1.1636,51.519,-0.042
1008,51.535,-0.421,51.592,-0.239
1009,51.474,-0.161,51.61,-0.158
1010,51.511,-0.08,51.498,-0.021
1011,51.52,0.0155,51.532,-0.096
1012,51.487,0.0215,51.544,0.0623
1013,51.504,-0.327,40.71,-74
1014,51.504,-0.327,40.71,-74
1015,51.467,-0.17,51.571,-0.123
1016,51.519,0.2019,51.534,-0.064
1017,51.535,-0.276,51.487,-0.097
1018,51.495,-0.133,52.228,0.1413
1019,51.518,-0.143,51.481,-0.084
1020,51.521,0.5569,51.528,-0.049
1021,51.477,-0.328,51.469,-0.067
1022,51.528,-0.012,51.535,-0.073
1023,51.501,-0.178,52.039,-0.769
1024,51.501,-0.178,52.039,-0.769
1025,51.509,-0.25,51.519,-0.042
1026,51.462,-0.216,51.504,-0.214
1027,51.645,-0.196,51.532,-0.096
1028,51.554,-0.056,42.961,9.4512
1029,51.478,-0.025,50.82,-0.135
1030,51.524,-0.01,51.486,-0.14
1031,51.588,-0.248,51.628,-0.247
1032,52.958,-1.177,51.489,0.064
1033,51.541,-0.132,51.54,-0.095
1034,51.531,-0.038,51.523,-0.045
1035,51.435,-0.132,51.478,-0.096
1036,51.604,-0.072,51.598,-0.071
1037,51.541,-0.354,51.54,-0.094
1038,51.552,0.0569,51.441,-0.128
1039,51.521,0.0584,51.542,0.0168
1040,51.503,0,51.593,-0.063
1041,51.473,-0.1,51.511,-0.139
1042,51.493,-0.048,51.534,-0.064
1043,51.519,-0.135,51.461,-0.203
1044,51.528,-0.07,51.487,-0.097
1045,51.501,-0.112,51.496,-0.104
1046,51.446,-0.187,51.555,-0.057
1047,41.014,28.982,51.57,-0.109
1048,41.014,28.982,51.57,-0.109
1049,51.502,-0.223,51.414,-0.071
1050,51.475,-0.024,51.464,-0.102
1051,51.475,-0.024,51.537,-0.076
1052,51.443,-0.151,51.418,-0.262
1053,51.475,-0.024,51.567,-0.122
1054,51.474,-0.286,51.421,-0.177
1055,51.495,-0.133,51.571,-0.194
1056,51.582,-0.12,51.534,-0.064
1057,51.495,-0.133,51.559,-0.071
1058,51.513,-0.154,51.522,-0.147
1059,51.575,-0.086,51.559,-0.071
1060,50.726,-1.86,51.479,-0.179
1061,51.577,-0.258,51.525,-0.129
1062,51.446,-0.243,51.556,-0.138
1063,51.44,-0.021,51.467,-0.06
1064,51.602,-0.334,51.52,-0.119
1065,51.543,-0.054,51.523,-0.045
1066,51.496,-0.025,51.49,-0.163
1067,51.602,-0.334,51.52,-0.119
1068,34.754,32.422,51.452,0.0157
1069,51.435,-0.132,51.537,-0.182
1070,51.455,-0.181,51.504,-0.105
1071,51.532,-0.201,51.487,-0.097
1072,51.524,-0.081,51.524,-0.034
1073,51.486,-0.107,51.509,-0.017
1074,51.558,-0.359,51.581,-0.112
1075,51.481,0.0624,51.598,-0.102
1076,52.044,-0.744,51.498,-0.021
1077,52.044,-0.744,51.498,-0.021
1078,52.044,-0.744,51.498,-0.021
1079,51.44,-0.021,51.49,-0.163
1080,52.044,-0.744,51.498,-0.021
1081,51.461,-0.007,51.525,-0.082
1082,51.503,-0.082,51.532,-0.096
1083,51.427,-0.579,51.378,-0.28
1084,51.48,-0.053,51.483,-0.054
1085,51.493,-0.173,51.487,-0.085
1086,51.505,-0.1,51.538,-0.142
1087,64.148,-21.88,51.541,-0.064
1088,51.505,-0.1,51.538,-0.142
1089,51.515,-0.072,51.516,-0.132
1090,51.533,0.0306,51.469,-0.067
1091,51.5,-0.02,51.506,-0.063
1092,51.53,-0.029,51.551,-0.17
1093,51.405,-0.165,51.519,-0.125
1094,52.017,0.2438,51.503,0
1095,51.524,0.0197,51.486,0.0657
1096,51.535,0.1312,51.538,-0.074
1097,51.547,-0.098,51.509,-0.145
1098,51.547,-0.098,51.509,-0.145
1099,51.616,-0.022,51.487,-0.097
1100,51.775,-0.322,51.487,-0.097
1101,51.571,-0.113,51.519,-0.099
1102,51.446,-0.243,51.462,-0.216
1103,51.59,-0.139,51.523,-0.045
1104,51.647,-0.527,51.509,-0.145
1105,51.454,-0.12,51.558,-0.059
1106,50.165,-5.104,51.521,-0.087
1107,50.165,-5.104,51.521,-0.087
1108,51.59,-0.139,51.523,-0.045
1109,51.647,-0.527,51.538,-0.142
1110,51.505,0.0747,50.991,-3.097
1111,51.525,-0.129,51.529,-0.046
1112,51.566,0.0164,51.498,-0.021
1113,51.566,0.0164,51.498,-0.021
1114,51.58,-0.1,51.487,-0.097
1115,51.506,-0.253,51.508,-0.251
1116,51.511,-0.079,51.511,-0.08
1117,51.543,-0.183,51.565,-0.279
1118,51.572,-0.091,51.513,-0.115
1119,51.5,-0.02,51.506,-0.063
1120,51.537,-0.288,51.513,-0.312
1121,51.746,-1.237,51.531,-0.089
1122,51.504,-0.114,51.524,-0.132
1123,51.516,-0.108,51.465,-0.038
1124,52.245,0.4059,51.554,-0.114
1125,51.477,-0.328,51.519,-0.042
1126,51.477,-0.328,51.518,-0.071
1127,51.484,0.0958,51.475,0.0464
1128,51.563,-0.092,51.62,-0.079
1129,51.515,-0.174,51.492,-0.138
1130,51.519,-0.048,51.518,-0.071
1131,53.838,-1.865,51.43,-0.093
1132,51.571,-0.113,51.519,-0.099
1133,51.571,-0.113,51.523,-0.045
1134,51.568,-0.132,51.537,-0.206
1135,51.484,0.0958,51.471,0.0657
1136,51.525,-0.058,51.61,-0.158
1137,53.838,-1.865,51.43,-0.093
1138,53.838,-1.865,51.43,-0.093
1139,53.838,-1.865,51.43,-0.093
1140,53.838,-1.865,51.43,-0.093
1141,51.524,0.0197,51.486,0.0657
1142,52.052,1.1636,51.551,-0.041
1143,51.501,-0.191,51.51,-0.136
1144,51.375,-0.093,51.52,-0.096
1145,51.493,-0.173,51.533,-0.139
1146,51.5,-0.07,51.516,-0.072
1147,51.767,-0.423,51.536,-0.066
1148,51.536,-0.197,51.519,-0.099
1149,51.593,-0.005,51.535,-0.073
1150,51.451,-0.059,51.452,0.0157
1151,51.536,-0.142,51.464,-0.214
1152,51.536,-0.142,51.464,-0.214
1153,51.496,0.1251,51.519,-0.042
1154,51.524,-0.081,51.633,-0.102
1155,51.375,-0.093,51.52,-0.096
1156,51.493,-0.128,51.487,-0.097
1157,51.506,-0.132,51.487,-0.092
1158,51.515,0.0193,51.536,-0.062
1159,51.506,-0.132,51.567,-0.129
1160,51.53,-0.146,51.509,-0.145
1161,51.48,-0.019,51.523,-0.045
1162,51.544,-0.162,51.551,-0.208
1163,51.43,-0.1,51.429,-0.101
1164,51.47,-0.067,51.487,-0.085
1165,51.533,-0.095,51.52,-0.096
1166,51.428,-0.013,51.46,-0.036
1167,51.529,-0.124,51.561,-0.205
1168,51.532,0.0129,51.509,-0.145
1169,51.428,-0.013,51.46,-0.036
1170,51.501,-0.112,51.787,-0.786
1171,51.532,-0.096,51.509,0.0297
1172,51.428,-0.013,51.46,-0.036
1173,52.129,-0.476,51.532,-0.096
1174,51.567,-0.115,51.57,-0.109
1175,51.53,-0.029,51.522,-0.083
1176,51.567,-0.115,51.57,-0.109
1177,51.466,-0.061,51.532,-0.096
1178,51.547,-0.117,51.594,-0.142
1179,51.58,0.0295,51.527,-0.035
1180,51.58,0.0295,51.527,-0.035
1181,51.515,-0.175,51.463,-0.107
1182,51.516,-0.301,51.541,-0.088
1183,51.475,-0.036,51.53,-0.063
1184,51.541,-0.132,51.54,-0.095
1185,51.537,-0.057,51.523,-0.124
1186,51.427,-0.129,51.62,-0.079
1187,51.475,0.032,51.57,-0.109
1188,51.571,-0.194,51.529,-0.112
1189,51.523,-0.11,51.528,-0.188
1190,51.433,-0.166,51.519,-0.125
1191,51.536,-0.197,51.526,-0.21
1192,51.606,0.0283,51.543,-0.122
1193,51.487,-0.328,50.991,-3.097
1194,51.433,-0.166,51.519,-0.125
1195,51.451,-0.14,51.463,-0.107
1196,51.453,-0.104,51.526,-0.021
1197,51.453,-0.104,51.526,-0.021
1198,51.453,-0.104,51.526,-0.021
1199,51.606,0.0283,51.546,-0.029
1200,51.477,-0.24,51.461,-0.203
1201,51.522,-0.123,51.509,-0.145
1202,51.59,-0.019,51.537,-0.103
1203,51.607,-0.191,51.51,-0.136
1204,51.545,-0.067,50.991,-3.097
1205,51.44,-0.125,51.463,-0.107
1206,51.522,-0.224,51.541,-0.132
1207,51.988,-0.989,51.512,-0.032
1208,51.552,-0.073,51.52,-0.101
1209,51.487,-0.328,52.039,-0.769
1210,51.567,-0.2,51.51,-0.039
1211,51.647,-0.527,51.509,-0.145
1212,51.498,-0.082,51.525,-0.082
1213,51.498,-0.082,51.525,-0.082
1214,51.589,-0.039,51.378,-0.28
1215,51.554,-0.056,57.138,-2.22
1216,51.492,0.0132,51.494,0.0552
1217,51.56,-0.056,42.955,9.4486
1218,51.583,-0.226,51.397,-2.39
1219,51.583,-0.226,51.556,0.0159
1220,51.605,-0.073,51.596,-0.067
1221,51.498,-0.082,51.509,-0.145
1222,51.524,-0.081,51.633,-0.102
1223,51.453,-0.104,51.487,-0.097
1224,51.552,-0.073,51.521,-0.087
1225,51.512,-0.136,51.536,-0.071
1226,51.512,-0.136,51.536,-0.071
1227,51.569,-0.112,42.961,9.4512
1228,51.647,-0.256,51.502,-0.19
1229,51.512,-0.136,51.536,-0.071
1230,51.652,-0.438,51.499,-0.088
1231,51.563,-0.068,51.508,-0.142
1232,51.542,-0.147,51.537,-0.206
1233,51.52,0.0645,51.495,-0.133
1234,51.532,-0.03,51.504,-0.058
1235,51.489,-0.104,51.541,-0.088
1236,51.48,-0.009,51.476,-0.026
1237,51.52,-0.072,51.509,-0.145
1238,51.537,-0.288,51.516,-0.132
1239,51.513,0.0059,51.532,-0.096
1240,51.509,-0.13,51.532,-0.096
1241,51.455,-0.115,51.177,-0.34
1242,51.525,-0.077,51.62,-0.079
1243,51.566,-0.108,51.538,-0.142
1244,51.566,-0.108,51.538,-0.142
1245,51.427,-0.129,51.519,-0.042
1246,52.405,-1.5,53.48,-2.255
1247,51.536,-0.29,51.553,0.056
1248,51.427,-0.129,51.519,-0.042
1249,51.445,-0.137,51.444,-0.106
1250,51.537,-0.16,51.538,-0.084
1251,51.499,-0.088,51.579,-0.003
1252,51.525,-0.082,51.487,-0.147
1253,51.483,-0.053,51.476,-0.026
1254,51.536,-0.29,51.538,-0.142
1255,51.536,-0.29,51.486,-0.224
1256,51.527,-0.022,51.486,0.0657
1257,51.536,-0.29,51.486,-0.224
1258,51.536,-0.29,51.486,-0.224
1259,51.5,-0.105,51.515,-0.175
1260,51.537,-0.288,51.469,0.1573
1261,51.532,-0.08,51.593,-0.063
1262,51.767,0.0943,51.533,-0.139
1263,51.607,-0.191,51.525,-0.135
1264,51.52,-0.017,51.513,-0.014
1265,51.574,-0.781,51.551,-0.238
1266,51.533,-0.105,52.217,-1.505
1267,51.544,-0.162,51.571,-0.089
1268,51.462,0.1337,51.536,-0.18
1269,51.532,-0.08,51.532,-0.088
1270,51.535,-0.06,51.519,-0.125
1271,51.004,-2.48,51.451,-0.186
1272,51.506,-0.253,51.508,-0.251
1273,50.729,-1.909,51.519,-0.125
1274,51.472,-0.026,51.532,-0.096
1275,51.592,-0.307,52.217,-1.505
1276,51.472,-0.026,51.476,-0.037
1277,51.4,-0.085,51.357,-0.093
1278,51.535,-0.06,51.519,-0.125
1279,51.533,-0.105,51.519,-0.042
1280,51.587,-0.058,51.585,-0.027
1281,51.587,-0.058,51.498,-0.021
1282,51.587,-0.058,51.498,-0.021
1283,51.587,-0.058,51.498,-0.021
1284,51.585,-0.02,51.514,-0.109
1285,51.522,-0.224,51.487,-0.097
1286,51.532,-0.08,52.966,-2.817
1287,51.52,0.0645,51.519,-0.016
1288,51.75,-1.282,51.645,-0.13
1289,51.557,-0.319,51.532,-0.088
1290,51.585,-0.02,51.514,-0.109
1291,51.569,-0.112,51.509,-0.08
1292,51.52,0.0645,51.518,-0.135
1293,51.55,-0.125,51.555,-0.165
1294,51.486,-0.098,51.509,-0.145
1295,51.59,-0.019,51.481,-0.084
1296,51.572,-0.01,51.532,-0.076
1297,51.537,-0.004,51.528,-0.09
1298,51.51,-0.06,51.566,-0.056
1299,51.51,-0.06,51.566,-0.056
1300,51.493,-0.261,51.519,-0.042
1301,51.533,-0.105,51.519,-0.042
1302,51.487,-0.068,51.487,-0.097
1303,51.532,-0.08,51.542,-0.132
1304,51.469,-0.285,40.71,-74
1305,51.481,-0.178,51.501,-0.179
1306,51.561,-0.112,51.535,-0.056
1307,51.467,-0.17,51.378,-0.28
1308,51.51,-0.304,51.55,-0.245
1309,51.524,-0.136,51.523,-0.091
1310,51.583,-0.029,51.527,-0.035
1311,51.557,-0.088,52.228,0.1413
1312,51.485,0.0059,51.523,-0.045
1313,51.523,-0.076,51.498,-0.021
1314,51.486,-0.197,51.486,-0.224
1315,51.554,-0.067,51.528,-0.09
1316,51.544,-0.162,51.645,-0.13
1317,51.544,-0.162,51.645,-0.13
1318,51.525,-0.058,51.541,-0.075
1319,51.467,-0.17,51.556,-0.138
1320,51.513,-0.029,51.503,-0.419
1321,51.544,-0.162,51.551,-0.208
1322,51.487,-0.068,51.375,-0.08
1323,51.474,-0.078,51.441,-0.001
1324,51.53,-0.217,51.519,-0.042
1325,51.405,-0.016,51.424,-0.058
1326,51.46,-0.13,51.525,-0.129
1327,51.487,-0.068,51.533,-0.139
1328,51.476,0.2799,51.498,-0.021
1329,51.5,-0.07,51.463,-0.107
1330,51.53,-0.044,51.512,-0.066
1331,51.53,-0.044,51.512,-0.066
1332,51.592,-0.307,52.217,-1.505
1333,51.476,0.2799,51.498,-0.021
1334,51.585,-0.02,51.532,-0.096
1335,51.549,-0.008,51.485,-0.093
1336,51.521,-0.135,51.519,-0.048
1337,51.523,-0.099,51.561,-0.205
1338,51.523,-0.099,51.561,-0.205
1339,51.519,0.2019,51.534,-0.064
1340,51.461,-0.007,51.525,-0.082
1341,51.521,-0.135,51.509,-0.145
1342,51.509,-0.017,51.424,-0.058
1343,51.59,-0.019,40.757,-73.97
1344,51.59,-0.019,51.519,-0.042
1345,51.59,-0.019,51.535,-0.06
1346,51.59,-0.019,51.519,-0.042
1347,51.47,-0.168,31.991,34.881
1348,51.413,-0.229,51.556,-0.279
1349,51.486,-0.18,51.633,-0.102
1350,51.368,-0.082,51.509,-0.145
1351,51.78,-0.303,51.594,-0.142
1352,63.434,10.402,51.514,-0.096
1353,51.521,-0.161,51.504,-0.199
1354,51.524,-0.097,51.488,-0.109
1355,51.494,-0.18,51.878,-0.499
1356,51.45,-0.34,51.513,-0.232
1357,51.45,-0.34,51.513,-0.232
1358,50.833,-0.13,51.533,-0.139
1359,50.833,-0.13,51.533,-0.139
1360,51.486,-0.098,51.487,-0.097
1361,51.486,-0.137,51.583,-0.062
1362,51.422,-0.162,51.463,-0.183
1363,51.459,-0.18,51.538,-0.084
1364,51.542,-0.907,51.523,-0.045
1365,51.868,-0.406,51.567,-0.129
1366,51.514,-0.123,51.509,-0.145
1367,51.53,-0.044,51.512,-0.066
1368,51.474,-0.059,51.551,-0.135
1369,51.508,-0.059,51.509,-0.145
1370,51.53,-0.068,51.571,-0.089
1371,51.53,-0.068,51.571,-0.089
1372,51.544,-0.122,51.516,-0.13
1373,51.544,-0.122,51.572,-0.01
1374,51.491,-0.024,51.452,0.0157
1375,51.63,-0.13,51.527,-0.091
1376,51.551,-0.075,51.554,-0.114
1377,51.51,-0.633,51.43,-0.093
1378,51.494,-0.144,51.447,-0.149
1379,51.417,-0.051,51.463,-0.107
1380,51.51,-0.633,51.43,-0.093
1381,51.5,-0.07,51.537,-0.103
1382,18.662,-68.42,51.532,-0.096
1383,51.51,-0.633,51.43,-0.093
1384,54.283,-0.416,52.966,-2.817
1385,51.572,0.0934,51.378,-0.28
1386,51.549,-0.072,51.583,-0.034
1387,51.479,-0.111,51.432,-0.157
1388,51.53,0.1219,40.71,-74
1389,51.537,-0.084,51.498,-0.021
1390,51.525,-0.082,51.537,-0.206
1391,51.46,-0.114,51.544,-0.129
1392,51.488,-0.222,50.104,14.449
1393,51.515,-0.175,51.527,-0.091
1394,51.58,0.0295,51.469,-0.067
1395,51.58,0.0295,51.547,-0.006
1396,51.443,-0.061,51.507,-0.126
1397,51.512,-0.124,51.378,-0.28
1398,51.509,-0.332,51.537,-0.206
1399,51.503,-0.017,51.587,-0.058
1400,51.504,-0.129,51.539,0.0291
1401,51.504,-0.129,42.955,9.4486
1402,51.405,-0.016,28.624,77.218
1403,51.523,-0.076,51.498,-0.021
1404,51.405,-0.016,51.527,-0.091
1405,51.537,-0.056,51.531,-0.089
1406,51.417,-0.051,51.487,-0.097
1407,51.525,-0.082,51.487,-0.147
1408,51.564,-0.082,51.505,-0.135
1409,51.417,-0.051,51.487,-0.097
1410,51.57,-0.129,51.598,-0.102
1411,51.525,-0.093,51.532,-0.096
1412,51.547,-0.098,51.509,-0.145
1413,51.547,-0.098,51.509,-0.145
1414,51.369,-0.294,51.62,-0.079
1415,52.388,13.52,51.525,-0.129
1416,51.53,-0.125,51.54,0.0029
1417,51.499,-0.078,51.519,-0.042
1418,51.522,-0.46,40.757,-73.97
1419,51.403,-0.303,51.526,-0.098
1420,51.524,-0.341,51.509,-0.145
1421,51.53,-0.124,51.519,-0.125
1422,51.455,-0.181,51.504,-0.105
1423,51.511,0.0056,51.527,-0.091
1424,51.508,-0.234,51.538,-0.142
1425,51.508,-0.234,51.483,-0.048
1426,51.508,-0.234,51.523,-0.045
1427,51.988,-0.989,51.378,-0.28
1428,51.576,-0.202,51.532,-0.096
1429,51.988,-0.989,51.378,-0.28
1430,51.392,-0.134,51.513,-0.228
1431,51.392,-0.134,51.513,-0.228
1432,51.545,-0.036,51.52,-0.134
1433,51.483,-0.011,51.519,-0.042
1434,51.51,-0.633,51.545,-0.075
1435,51.537,-0.076,51.452,0.0157
1436,51.537,-0.076,51.536,-0.071
1437,51.477,-0.143,51.527,-0.091
1438,51.514,-0.123,51.509,-0.145
1439,51.492,-0.065,51.514,-0.109
1440,51.584,-0.094,51.593,-0.063
1441,51.485,0.0059,51.523,-0.045
1442,51.56,-0.056,51.556,-0.138
1443,51.472,-0.02,51.469,-0.076
1444,51.519,0.2019,51.504,-0.058
1445,51.541,-0.088,51.544,-0.155
1446,51.44,-0.021,51.467,-0.06
1447,43.694,6.9783,51.52,-0.101
1448,51.422,-0.162,51.418,-0.198
1449,51.545,-0.212,51.487,-0.097
1450,51.462,-0.13,51.462,-0.105
1451,51.541,-0.088,51.543,-0.14
1452,51.504,-0.223,51.494,-0.224
1453,51.588,-0.059,51.488,-0.222
1454,51.528,-0.09,51.524,-0.094
1455,52.388,13.52,51.509,-0.145
1456,51.49,-0.163,51.52,-0.202
1457,51.51,-0.06,51.566,-0.056
1458,51.514,-0.123,51.509,-0.145
1459,51.514,-0.123,51.519,-0.125
1460,51.497,-0.102,51.473,-0.205
1461,51.477,-0.143,51.527,-0.091
1462,51.59,-0.093,51.534,-0.064
1463,51.582,-0.12,51.519,-0.042
1464,51.468,-0.198,51.477,-0.102
1465,51.525,-0.074,51.486,0.0657
1466,51.481,-0.044,51.52,-0.134
1467,18.662,-68.42,51.513,-0.029
1468,51.697,-0.431,51.498,-0.021
1469,51.525,-0.074,51.517,-0.071
1470,51.525,-0.074,51.534,-0.064
1471,51.522,-0.104,51.516,-0.132
1472,51.541,-0.354,51.518,-0.081
1473,51.461,-0.209,51.566,-0.009
1474,51.577,-0.319,51.556,-0.138
1475,51.475,-0.028,51.48,-0.014
1476,51.543,-0.133,53.522,-1.139
1477,51.438,-0.318,51.515,-0.057
1478,51.557,-0.074,51.378,-0.28
1479,51.495,0.0132,51.487,-0.092
1480,51.538,-0.152,51.555,-0.057
1481,51.538,-0.152,51.555,-0.057
1482,51.458,-0.972,51.547,-0.006
1483,51.538,-0.152,51.555,-0.057
1484,51.51,-0.06,51.566,-0.056
1485,51.513,-0.305,51.567,-0.122
1486,51.553,-0.069,51.534,-0.064
1487,18.662,-68.42,51.532,-0.096
1488,51.553,-0.069,51.534,-0.064
1489,51.462,-0.017,51.484,-0.033
1490,51.532,-0.096,51.509,-0.145
1491,51.527,0.1093,51.509,-0.145
1492,51.525,-0.026,51.526,0.0232
1493,52.312,4.7686,51.531,-0.032
1494,51.523,-0.014,52.966,-2.817
1495,51.524,-0.092,51.531,-0.105
1496,51.498,-0.208,51.535,-0.073
1497,51.475,-0.028,51.499,-0.023
1498,51.435,-0.033,51.509,-0.145
1499,51.551,-0.075,51.567,-0.115
1500,51.576,-0.371,51.555,-0.233
1501,51.44,-0.152,51.532,-0.096
1502,51.474,-0.195,51.498,-0.021
1503,51.485,-0.099,51.532,-0.096
1504,51.499,-0.077,51.478,-0.096
1505,51.546,-0.046,42.955,9.4486
1506,51.384,-0.195,51.557,-0.038
1507,51.384,-0.195,51.6,-0.009
1508,51.563,-0.068,51.531,-0.105
1509,51.552,0.0822,51.609,-0.176
1510,51.501,-0.112,51.495,0.0147
1511,51.517,-0.055,51.524,-0.083
1512,51.442,0.3711,51.526,-0.098
1513,51.576,-0.076,51.557,-0.098
1514,51.621,-0.021,51.541,-0.075
1515,51.621,-0.021,51.522,-0.112
1516,40.744,-73.98,51.62,-0.079
1517,51.532,-0.042,51.519,-0.042
1518,51.455,-0.3,51.461,-0.225
1519,51.566,-0.12,51.525,-0.083
1520,51.544,-0.047,51.527,-0.035
1521,51.555,-0.084,51.537,-0.206
1522,51.517,0.0584,51.52,-0.119
1523,51.532,-0.096,51.524,-0.034
1524,51.54,0.6693,51.519,-0.042
1525,51.458,-0.305,51.62,-0.079
1526,51.491,-0.2,51.487,-0.097
1527,51.588,-0.035,51.532,-0.096
1528,51.451,-0.14,51.463,-0.107
1529,51.538,-0.075,51.513,-0.115
1530,51.423,-0.153,51.472,-0.102
1531,51.514,-0.157,51.486,-0.14
1532,41.293,1.9978,51.527,-0.035
1533,51.514,-0.12,51.6,-0.009
1534,51.49,-0.179,51.528,-0.25
1535,51.51,-0.123,51.498,-0.021
1536,51.551,-0.065,51.515,-0.175
1537,51.734,-0.392,51.528,0.0268
1538,51.559,-0.121,51.556,-0.138
1539,51.481,-0.178,51.501,-0.179
1540,51.541,-0.088,51.535,-0.054
1541,51.499,-0.078,51.519,-0.042
1542,51.475,-0.335,51.499,-0.088
1543,51.541,-0.088,51.538,-0.084
1544,51.534,-0.106,52.966,-2.817
1545,51.555,-0.056,51.444,-0.206
1546,51.457,-0.126,52.217,-1.505
1547,51.552,-0.051,51.519,-0.042
1548,40.744,-73.98,51.565,-0.062
1549,51.521,-0.212,51.509,-0.145
1550,51.51,-0.039,48.869,2.359
1551,51.523,-0.076,51.553,0.056
1552,51.523,-0.076,51.498,-0.021
1553,51.461,-0.209,51.524,-0.133
1554,34.004,36.204,51.543,-0.122
1555,51.461,-0.209,51.566,-0.009
1556,40.744,-73.98,51.451,-0.186
1557,51.488,-0.144,51.545,-0.075
1558,51.54,0.007,51.519,-0.042
1559,51.54,0.007,51.519,-0.042
1560,51.508,-0.229,51.513,-0.232
1561,51.551,-0.072,51.561,-0.125
1562,51.42,-0.121,51.487,-0.06
1563,51.567,-0.115,51.57,-0.109
1564,51.541,-0.354,51.571,-0.123
1565,51.456,-0.02,51.535,-0.073
1566,51.541,-0.354,51.571,-0.123
1567,50.742,-1.881,51.609,-0.176
1568,18.662,-68.42,51.532,-0.096
1569,51.5,0.029,51.498,-0.021
1570,51.401,-0.212,51.533,-0.139
1571,51.513,-0.014,51.511,-0.055
1572,51.54,0.007,51.551,0.0251
1573,51.54,0.007,51.506,-0.218
1574,51.57,-0.129,51.598,-0.102
1575,51.556,0.0158,51.519,-0.042
1576,34.004,36.204,51.543,-0.122
1577,51.187,-0.806,51.57,-0.109
1578,51.518,-0.207,51.452,0.0157
1579,51.482,-0.017,51.544,0.0623
1580,51.488,-0.141,51.469,-0.11
1581,51.474,-0.195,51.498,-0.021
1582,51.488,-0.141,51.469,-0.11
1583,51.568,-0.076,51.424,-0.058
1584,51.567,-0.129,51.534,-0.064
1585,51.543,-0.188,51.424,-0.058
1586,51.487,0.0215,52.966,-2.817
1587,51.44,-0.021,51.526,-0.098
1588,51.44,-0.021,51.49,-0.163
1589,51.517,-0.133,51.519,-0.125
1590,51.549,-0.203,51.491,-0.093
1591,51.526,-0.098,53.54,-2.534
1592,51.54,0.007,51.519,-0.042
1593,51.54,0.007,51.519,-0.042
1594,51.54,0.007,51.519,-0.042
1595,51.241,-0.615,51.457,-0.118
1596,51.486,-0.137,51.504,-0.199
1597,51.54,0.007,51.523,-0.045
1598,51.524,-0.083,51.543,-0.054
1599,51.361,-0.091,51.509,-0.145
1600,51.55,-0.111,51.567,-0.115
1601,51.438,-0.055,51.477,-0.143
1602,51.56,-0.113,51.525,-0.129
1603,51.518,-0.092,51.572,-0.1
1604,51.515,-0.074,51.508,-0.251
1605,51.56,-0.113,51.532,-0.088
1606,51.566,-0.114,51.461,0.0078
1607,51.237,-0.169,51.509,-0.145
1608,51.503,-0.114,51.522,-0.078
1609,51.564,-0.061,51.556,0.0159
1610,51.477,-0.143,51.527,-0.091
1611,51.509,-0.138,51.469,-0.11
1612,51.519,-0.298,51.509,-0.145
1613,51.595,-0.251,51.532,-0.088
1614,51.518,-0.02,51.498,-0.021
1615,51.489,-0.139,51.512,-0.026
1616,34.004,36.204,51.543,-0.122
1617,51.542,-0.236,51.473,-0.205
1618,51.467,-0.066,51.541,-0.088
1619,51.528,-0.074,50.644,-2.47
1620,51.547,-0.132,51.515,-0.072
1621,51.536,-0.08,51.424,-0.058
1622,51.45,-0.098,51.442,-0.058
1623,51.547,-0.006,51.469,-0.067
1624,51.57,0.0008,-35.04,138.6
1625,51.534,-0.064,51.481,-0.084
1626,51.56,-0.056,51.498,-0.021
1627,51.547,-0.023,52.228,0.1413
1628,51.526,-0.105,51.542,-0.132
1629,51.524,-0.075,51.535,-0.054
1630,51.507,-0.297,51.546,-0.145
1631,51.465,-0.149,51.547,-0.143
1632,51.237,-0.169,52.039,-0.769
1633,51.555,-0.056,51.444,-0.206
1634,51.562,-0.098,51.543,-0.14
1635,51.561,-0.098,51.543,-0.14
1636,51.484,0.0958,51.536,0.0796
1637,51.541,-0.354,51.518,-0.081
1638,51.593,-0.267,51.536,-0.203
1639,51.509,-0.017,51.538,-0.084
1640,51.541,-0.088,51.456,-0.015
1641,51.364,-0.184,51.417,-0.179
1642,51.592,-0.025,51.544,0.0043
1643,51.512,-0.09,51.467,-0.06
1644,51.237,-0.169,52.039,-0.769
1645,51.237,-0.169,51.509,-0.145
1646,51.237,-0.169,51.509,-0.145
1647,51.237,-0.169,51.487,-0.097
1648,51.439,-0.2,51.464,-0.102
1649,53.669,-2.674,51.483,-0.117
1650,51.584,-0.094,51.593,-0.063
1651,51.635,-0.039,51.559,-0.051
1652,51.564,-0.128,51.534,-0.113
1653,51.583,-0.063,51.509,-0.08
1654,51.583,-0.063,51.509,-0.08
1655,51.583,-0.063,51.509,-0.08
1656,51.583,-0.063,51.509,-0.08
1657,51.583,-0.063,51.509,-0.08
1658,51.583,-0.063,51.509,-0.08
1659,51.568,-0.076,51.555,-0.074
1660,18.662,-68.42,51.509,-0.145
1661,51.527,-0.059,53.54,-2.534
1662,51.515,-0.175,51.527,-0.091
1663,51.592,-0.025,52.228,0.1413
1664,51.53,-0.085,51.523,-0.045
1665,51.541,-0.354,51.512,-0.046
1666,51.547,-0.006,51.534,-0.064
1667,51.547,-0.006,51.534,-0.064
1668,52.443,-2.015,51.547,-0.042
1669,51.514,-0.122,51.567,-0.002
1670,52.443,-2.015,51.547,-0.042
1671,51.592,-0.025,51.585,-0.027
1672,51.642,-3.235,51.525,0.0117
1673,51.463,-0.099,51.519,-0.125
1674,51.566,-0.114,51.537,-0.103
1675,51.563,-0.375,51.541,-0.075
1676,51.519,-0.105,51.52,-0.101
1677,51.427,-0.035,51.423,-0.062
1678,51.5,0.029,51.498,-0.021
1679,51.485,-0.185,51.23,6.726
1680,51.525,-0.082,51.424,-0.058
1681,51.509,-0.201,51.535,-0.054
1682,51.462,-0.216,51.488,-0.222
1683,51.352,-0.187,51.543,-0.14
1684,51.439,-0.127,51.424,-0.058
1685,51.453,-0.306,51.458,-0.19
1686,51.528,-0.074,50.644,-2.47
1687,51.524,-0.094,51.516,-0.13
1688,51.549,-0.128,51.532,-0.096
1689,51.532,-0.03,51.504,-0.058
1690,51.421,-0.082,51.506,-0.042
1691,51.541,-0.354,51.512,-0.046
1692,51.584,-0.094,51.571,-0.089
1693,51.572,-0.291,51.532,-0.03
1694,51.554,-0.067,51.572,-0.01
1695,51.541,-0.354,50.842,-0.93
1696,51.509,-0.017,51.532,-0.096
1697,6.5789,3.3216,51.595,-0.251
1698,51.533,0.0207,51.52,0.0155
1699,51.506,-0.192,51.509,-0.08
1700,52.924,-1.452,52.039,-0.769
1701,52.924,-1.452,52.039,-0.769
1702,51.405,-0.165,51.519,-0.125
1703,51.554,-0.068,51.535,-0.054
1704,51.748,-0.407,51.583,-0.034
1705,51.562,-0.098,51.543,-0.14
1706,51.562,-0.098,51.543,-0.14
1707,51.626,-0.139,51.549,-0.061
1708,51.46,-0.212,51.525,-0.083
1709,51.526,-0.035,51.529,-0.06
1710,51.499,-0.007,51.526,-0.05
1711,51.504,-0.245,51.524,-0.318
1712,51.522,-0.191,51.487,-0.092
1713,51.612,-0.074,51.537,-0.086
1714,51.573,-0.136,51.519,-0.125
1715,51.535,-0.123,51.528,-0.09
1716,53.06,-3.098,51.473,-0.205
1717,51.626,-0.102,51.566,-0.056
1718,51.626,-0.102,51.551,-0.041
1719,51.626,-0.102,51.551,-0.041
1720,51.519,-0.135,51.461,-0.203
1721,51.576,-0.224,51.516,-0.132
1722,51.488,-0.089,51.467,-0.06
1723,51.547,-0.207,51.47,-0.107
1724,51.475,-0.01,51.498,-0.021
1725,51.515,-0.071,51.424,-0.058
1726,51.525,-0.025,51.583,-0.062
1727,51.595,-0.09,51.536,-0.071
1728,51.525,-0.025,51.583,-0.062
1729,51.525,-0.109,51.519,-0.125
1730,51.524,-0.302,51.499,-0.088
1731,51.585,-0.079,51.542,-0.132
1732,51.536,-0.094,51.52,-0.101
1733,52.388,13.52,51.486,-0.224
1734,51.443,-0.151,51.418,-0.262
1735,51.519,-0.09,51.519,-0.042
1736,51.529,-0.112,51.554,-0.153
1737,51.46,-0.111,51.463,-0.107
1738,51.46,-0.111,51.463,-0.107
1739,51.46,-0.111,51.478,-0.096
1740,51.46,-0.111,51.478,-0.096
1741,51.454,-0.074,51.465,-0.038
1742,51.477,-0.148,51.523,-0.045
1743,34.004,36.204,51.585,-0.138
1744,48.068,20.74,51.547,-0.125
1745,53.663,-1.789,51.513,-0.232
1746,41.349,2.1148,53.54,-2.534
1747,51.356,-0.191,51.579,-0.003
1748,51.511,-0.113,51.507,-0.126
1749,51.461,-0.12,51.48,-0.002
1750,51.445,-0.137,51.444,-0.106
1751,51.421,-0.082,51.506,-0.042
1752,51.494,-0.061,51.449,-0.117
1753,51.511,-0.113,51.599,-0.248
1754,51.598,-0.142,51.486,0.0069
1755,51.401,-0.253,51.563,-0.094
1756,51.294,1.091,51.471,0.0527
1757,51.535,-0.333,51.509,-0.145
1758,51.451,-0.14,51.463,-0.107
1759,51.504,-0.341,51.485,-0.093
1760,51.525,-0.076,52.966,-2.817
1761,51.504,-0.017,51.463,-0.107
1762,51.556,-0.066,51.546,-0.029
1763,51.504,-0.017,51.512,-0.066
1764,51.515,-0.065,51.532,-0.096
1765,51.433,-0.114,51.488,-0.105
1766,51.599,-0.334,51.458,-0.08
1767,51.458,-0.053,51.536,-0.071
1768,51.523,-0.099,51.561,-0.205
1769,51.54,0.007,51.551,-0.041
1770,51.553,-0.069,51.516,-0.13
1771,51.564,0.012,51.424,-0.058
1772,41.293,1.9978,51.527,-0.035
1773,51.468,-0.038,51.483,-0.045
1774,51.532,-0.006,51.571,-0.089
1775,51.54,-0.208,42.955,9.4486
1776,51.532,-0.006,51.532,-0.105
1777,51.492,0.1315,51.512,-0.066
1778,51.515,-0.065,51.523,-0.045
1779,51.389,-0.046,51.509,-0.145
1780,51.518,-0.111,51.519,-0.042
1781,51.483,-0.099,51.571,-0.089
1782,51.484,-0.072,51.519,-0.32
1783,51.482,-0.025,51.544,-0.047
1784,51.588,-0.035,51.506,-0.063
1785,51.588,-0.035,51.506,-0.063
1786,51.53,-0.086,51.487,-0.097
1787,51.539,-0.15,51.461,-0.115
1788,51.603,-0.124,51.536,-0.094
1789,51.588,-0.059,51.556,-0.138
1790,51.546,-0.293,51.378,-0.28
1791,51.594,-0.067,51.527,-0.035
1792,51.503,-0.114,51.536,-0.071
1793,51.503,-0.114,51.536,-0.071
1794,51.503,-0.114,51.536,-0.071
1795,51.503,-0.114,51.536,-0.071
1796,51.594,-0.067,51.541,-0.064
1797,51.503,-0.114,51.536,-0.071
1798,50.935,-1.407,51.537,-0.103
1799,51.525,-0.13,51.527,-0.091
1800,51.594,-0.067,51.569,-0.001
1801,51.503,-0.114,51.536,-0.071
1802,51.503,-0.114,51.476,-0.037
1803,51.523,-0.099,51.561,-0.205
1804,51.504,-0.245,51.504,-0.25
1805,51.504,-0.245,51.504,-0.25
1806,51.42,-0.121,51.487,-0.06
1807,51.416,-0.194,50.661,-4.581
1808,51.697,-0.431,51.498,-0.021
1809,51.48,-0.253,51.463,-0.107
1810,51.522,-0.047,51.519,-0.068
1811,51.485,0.1686,53.48,-2.255
1812,51.506,-0.261,51.527,-0.081
1813,51.522,-0.191,51.525,-0.082
1814,51.542,-0.12,51.587,-0.124
1815,51.506,-0.261,51.53,-0.095
1816,51.535,-0.077,51.378,-0.28
1817,51.56,-0.074,51.495,-0.133
1818,51.479,-0.08,51.516,-0.13
1819,51.479,-0.08,51.516,-0.13
1820,51.479,-0.08,51.516,-0.13
1821,51.479,-0.08,51.516,-0.13
1822,51.531,-0.111,51.518,-0.081
1823,51.501,-0.112,51.463,-0.107
1824,51.501,-0.112,51.787,-0.786
1825,51.518,-0.169,51.534,-0.113
1826,51.427,-0.133,51.487,-0.097
1827,51.598,-0.142,51.62,-0.079
1828,50.893,-0.34,51.515,-0.057
1829,51.544,-0.029,51.591,0.0301
1830,51.455,-0.067,51.532,-0.096
1831,51.519,-0.168,51.567,-0.002
1832,51.612,0.0307,51.303,-0.296
1833,51.461,-0.067,51.536,-0.071
1834,51.461,-0.067,51.536,-0.071
1835,51.461,-0.067,51.536,-0.071
1836,51.461,-0.067,51.536,-0.071
1837,51.541,-0.088,51.53,-0.146
1838,51.541,-0.088,51.493,-0.048
1839,51.541,-0.088,51.452,0.0157
1840,51.442,-0.006,51.519,-0.125
1841,51.426,-0.152,51.487,-0.097
1842,51.526,-0.08,52.228,0.1413
1843,51.569,-0.374,51.513,-0.029
1844,51.545,-0.102,51.378,-0.28
1845,51.556,-0.066,51.645,-0.13
1846,51.477,-0.148,51.519,-0.042
1847,51.477,-0.148,51.519,-0.042
1848,51.477,-0.148,51.519,-0.042
1849,51.547,-0.005,51.486,0.0657
1850,51.523,-0.014,51.462,-0.216
1851,51.524,-0.073,51.545,-0.057
1852,51.413,-0.2,53.481,-2.233
1853,51.596,-0.06,51.583,-0.063
1854,51.565,0.0944,51.541,-0.064
1855,51.51,-0.136,51.507,-0.308
1856,51.5,0.0037,51.519,-0.042
1857,51.5,0.0037,51.519,-0.042
1858,51.519,-0.168,51.541,-0.088
1859,18.662,-68.42,51.532,-0.096
1860,51.449,-0.19,51.509,-0.145
1861,51.449,-0.19,51.509,-0.145
1862,51.615,-0.276,50.104,14.449
1863,52.094,-1.87,51.544,-0.077
1864,51.488,-0.228,51.54,-0.094
1865,51.545,0.0504,51.524,-0.034
1866,51.515,-0.316,51.514,-0.134
1867,51.529,-0.112,52.966,-2.817
1868,51.529,-0.112,51.519,-0.042
1869,51.488,-0.228,51.507,-0.284
1870,51.474,-0.195,51.498,-0.021
1871,51.594,-0.022,51.498,-0.021
1872,51.573,-0.291,51.516,-0.13
1873,51.558,-0.086,51.543,-0.122
1874,51.476,-0.19,51.458,-0.19
1875,51.506,-0.192,51.496,-0.08
1876,51.523,-0.076,51.498,-0.021
1877,51.47,-0.177,51.53,-0.146
1878,51.547,8.7,51.525,-0.083
1879,51.47,-0.177,51.518,-0.135
1880,51.52,-0.046,52.039,-0.769
1881,51.511,-0.308,51.486,-0.224
1882,51.521,-0.077,51.567,-0.122
1883,51.612,0.0307,51.527,-0.035
1884,51.504,-0.097,51.509,-0.145
1885,51.612,0.0307,51.57,0.014
1886,51.294,1.091,51.513,-0.115
1887,51.612,0.0307,51.518,-0.135
1888,51.493,-0.103,51.496,-0.104
1889,51.476,-0.19,51.467,-0.167
1890,51.558,-0.086,51.543,-0.122
1891,51.519,-0.135,51.442,-0.348
1892,51.554,-0.136,51.598,-0.102
1893,51.558,-0.098,51.583,-0.062
1894,51.583,-0.063,51.534,-0.064
1895,51.527,-0.081,51.532,-0.096
1896,51.583,-0.063,52.228,0.1413
1897,51.589,-0.108,51.57,-0.109
1898,51.461,-0.121,52.07,-0.627
1899,51.528,-0.09,51.524,-0.094
1900,51.453,-0.191,51.507,-0.126
1901,51.481,-0.178,51.501,-0.179
1902,51.5,-0.105,51.787,-0.786
1903,51.504,-0.047,51.497,-0.062
1904,51.503,-0.253,51.522,-0.2
1905,52.552,-0.316,51.489,-0.046
1906,51.112,-4.176,51.543,-0.122
1907,37.732,-122.4,51.498,-0.021
1908,51.507,-0.106,51.495,-0.059
1909,52.263,-0.755,51.571,-0.194
1910,51.535,0.0268,51.529,-0.03
1911,51.471,-0.366,51.561,-0.205
1912,51.595,-0.251,51.526,-0.098
1913,51.595,-0.251,51.526,-0.098
1914,51.392,-0.134,51.513,-0.228
1915,51.479,-0.17,51.53,-0.146
1916,51.55,0.0942,51.505,-0.221
1917,51.493,-0.044,51.496,-0.104
1918,51.504,-0.276,51.509,-0.145
1919,51.392,-0.134,51.513,-0.228
1920,53.272,-0.662,51.525,-0.129
1921,51.512,-0.026,51.483,-0.054
1922,51.512,-0.026,51.521,-0.087
1923,51.559,-0.125,51.487,-0.097
1924,51.593,-0.005,51.535,-0.073
1925,51.54,-0.075,51.559,-0.071
1926,51.475,-0.09,51.509,-0.145
1927,51.597,-0.011,48.869,2.359
1928,51.556,-0.066,51.555,-0.074
1929,51.564,-0.02,51.378,-0.28
1930,51.483,0.0351,51.532,-0.03
1931,51.524,-0.073,51.545,-0.057
1932,51.562,-0.059,51.561,-0.067
1933,51.511,0.0293,51.524,-0.054
1934,51.233,-0.174,51.546,-0.152
1935,51.233,-0.174,51.546,-0.152
1936,51.471,-0.461,51.528,-0.048
1937,51.523,-0.071,51.535,-0.054
1938,51.547,-0.143,51.525,-0.083
1939,51.571,-0.089,51.48,-0.019
1940,51.462,0.2229,51.514,-0.093
1941,51.591,-0.104,50.842,-0.93
1942,51.48,-0.253,51.463,-0.107
1943,51.511,-0.056,51.511,-0.056
1944,51.459,-0.065,51.501,-0.179
1945,51.571,-0.089,51.48,-0.019
1946,51.539,-0.116,51.487,-0.097
1947,51.539,-0.116,51.509,-0.145
1948,51.44,-0.189,51.487,-0.097
1949,51.496,0.0136,51.519,-0.042
1950,51.524,-0.107,51.518,-0.135
1951,51.466,-0.127,51.51,-0.136
1952,51.51,-0.304,51.541,-0.064
1953,51.651,-0.203,51.522,-0.112
1954,51.542,-0.004,51.509,-0.067
1955,51.651,-0.203,51.546,-0.152
1956,51.524,-0.107,51.458,0.0304
1957,51.515,-0.069,51.525,-0.082
1958,51.503,-0.437,51.524,-0.302
1959,51.51,-0.304,51.541,-0.064
1960,51.556,-0.076,51.378,-0.28
1961,51.569,-0.374,51.559,-0.071
1962,51.535,-0.231,51.57,-0.109
1963,51.48,-0.253,51.524,-0.318
1964,51.527,0.1093,51.509,-0.145
1965,51.444,-0.02,51.503,-0.083
1966,51.564,-0.014,51.509,-0.276
1967,51.522,-0.224,51.487,-0.097
1968,51.546,-0.038,51.509,-0.145
1969,51.546,-0.038,51.509,-0.145
1970,51.56,-0.069,51.424,-0.058
1971,51.47,-0.177,51.529,-0.112
1972,51.474,-0.036,51.445,0.0002
1973,51.528,-0.09,51.478,-0.011
1974,51.564,-0.02,51.378,-0.28
1975,51.512,-0.025,51.495,0.0124
1976,51.51,-0.304,51.55,-0.245
1977,51.523,-0.11,51.528,-0.188
1978,51.518,-0.111,51.496,-0.13
1979,50.893,-0.34,51.609,-0.176
1980,51.468,-0.198,51.483,-0.208
1981,51.541,-0.088,52.228,0.1413
1982,51.532,-0.096,51.452,0.0157
1983,45.833,8.8046,51.561,-0.205
1984,51.451,-0.005,51.458,0.0304
1985,51.523,-0.076,51.498,-0.021
1986,51.424,-0.116,45.944,6.4351
1987,51.559,0.067,51.515,-0.175
1988,34.004,36.204,51.48,-0.123
1989,51.494,-0.101,51.556,-0.138
1990,51.586,-0.129,51.543,-0.122
1991,51.528,-0.251,51.514,-0.096
1992,51.571,-0.089,51.502,-0.117
1993,50.893,-0.34,35.97,14.349
1994,51.447,-0.186,51.461,-0.203
1995,51.572,0.1708,51.378,-0.28
1996,51.352,-0.187,51.543,-0.14
1997,51.492,-0.266,51.507,-0.308
1998,51.531,0.0756,51.527,-0.035
1999,51.48,-0.19,51.472,-0.142
2000,51.524,-0.096,51.546,-0.041
2001,51.524,-0.096,51.546,-0.041
2002,51.521,-0.077,51.509,-0.145
2003,51.547,8.7,51.525,-0.083
2004,51.404,-0.001,51.543,-0.122
2005,51.582,-0.303,51.541,-0.132
2006,51.455,-0.473,51.61,-0.158
2007,51.519,0.2019,51.554,-0.066
2008,51.5,-0.07,51.585,-0.027
2009,51.463,-0.141,51.566,-0.05
2010,51.51,-0.304,51.507,-0.073
2011,51.579,-0.114,51.561,-0.205
2012,51.966,-0.421,51.509,-0.145
2013,51.966,-0.421,51.509,-0.145
2014,51.966,-0.421,51.509,-0.145
2015,51.966,-0.421,51.509,-0.145
2016,51.462,-0.008,18.038,-63.04
2017,51.462,-0.008,51.561,-0.205
2018,51.462,-0.008,52.966,-2.817
2019,51.524,-0.08,51.538,-0.084
2020,51.535,-0.062,52.966,-2.817
2021,51.507,-0.127,51.525,-0.135
2022,51.507,-0.127,51.525,-0.135
2023,51.515,-0.065,51.57,-0.109
2024,51.515,-0.065,51.57,-0.109
2025,51.481,-0.082,51.549,-0.061
2026,51.802,-1.074,51.478,-0.096
2027,36.169,-115.1,51.535,-0.073
2028,51.535,-0.19,51.509,-0.145
2029,51.412,-0.426,51.553,0.056
2030,51.479,-0.059,51.523,-0.045
2031,51.237,-0.187,51.532,-0.096
2032,51.576,-0.072,51.596,-0.067
2033,51.237,-0.187,51.424,-0.058
2034,51.237,-0.187,51.424,-0.058
2035,51.517,-0.076,51.596,-0.067
2036,50.791,-1.096,51.464,-0.116
2037,51.477,-0.081,51.509,-0.145
2038,51.531,-0.111,51.488,-0.327
2039,51.394,-0.089,51.504,-0.086
2040,51.576,0.1235,51.532,-0.096
2041,51.45,-0.272,51.513,-0.232
2042,51.697,-0.431,51.487,-0.147
2043,51.413,-0.033,51.429,-0.101
2044,51.49,-0.088,51.498,-0.021
2045,51.405,0.0139,51.515,-0.054
2046,51.576,-0.072,51.551,0.0251
2047,51.532,-0.088,51.522,-0.147
2048,51.42,-0.121,51.467,-0.06
2049,51.532,-0.096,51.535,-0.054
2050,51.524,-0.081,51.514,-0.014
2051,51.505,-0.086,51.509,-0.145
2052,51.515,-0.065,52.217,-1.505
2053,51.495,-0.095,51.509,-0.145
2054,51.495,-0.095,51.509,-0.145
2055,51.524,-0.081,51.546,-0.029
2056,51.527,-0.024,51.536,-0.066
2057,51.508,-0.141,51.543,-0.067
2058,51.677,-0.607,51.541,-0.132
2059,51.697,-0.431,51.581,-0.112
2060,51.502,-0.11,51.52,-0.119
2061,51.517,-0.148,51.562,-0.046
2062,51.515,-0.129,51.561,-0.096
2063,51.527,0.1093,51.509,-0.145
2064,51.558,-0.194,51.645,-0.13
2065,51.519,0.2019,51.478,-0.433
2066,51.519,0.2019,51.478,-0.433
2067,51.519,-0.109,51.532,-0.096
2068,51.489,-0.25,51.556,-0.138
2069,51.47,-0.059,52.966,-2.817
2070,51.511,-0.308,51.486,-0.224
2071,51.453,-0.191,51.43,-0.161
2072,51.462,-0.008,51.509,-0.276
2073,51.462,-0.008,51.557,-0.038
2074,51.462,-0.008,34.754,32.422
2075,51.481,0.0624,51.424,-0.058
2076,51.556,-0.037,51.498,-0.021
2077,51.167,-0.15,52.228,0.1413
2078,51.54,0.6693,51.544,-0.068
2079,51.57,-0.444,51.532,-0.096
2080,51.562,-0.012,52.603,-1.09
2081,51.544,-0.035,51.535,-0.054
2082,51.499,-0.1,51.528,-0.048
2083,51.542,-0.137,51.429,-0.101
2084,51.499,-0.128,51.595,-0.251
2085,51.494,-0.101,51.556,-0.138
2086,52.932,-1.213,51.529,-0.03
2087,51.387,-0.308,51.585,-0.027
2088,51.547,-0.069,51.538,-0.084
2089,51.471,0.0657,51.54,-0.053
2090,51.43,-0.161,51.46,-0.076
2091,51.43,-0.093,51.52,-0.134
2092,51.394,-0.089,51.44,-0.021
2093,51.504,-0.245,51.524,-0.318
2094,51.52,-0.017,51.509,-0.145
2095,51.531,-0.02,51.483,-0.054
2096,51.55,-0.111,51.516,-0.13
2097,51.533,-0.121,51.491,-0.118
2098,51.507,0.2816,51.51,-0.136
2099,51.507,0.2816,51.51,-0.136
2100,51.463,-0.185,51.532,-0.096
2101,51.493,-0.048,51.424,-0.058
2102,51.475,-0.335,51.466,-0.127
2103,51.543,-0.133,51.48,-0.002
2104,51.543,-0.133,51.557,-0.038
2105,51.53,-0.068,51.521,-0.072
2106,51.507,0.2816,51.51,-0.136
2107,51.528,-0.09,51.521,-0.087
2108,51.522,-0.1,53.612,-1.728
2109,51.59,-0.017,40.757,-73.97
2110,51.428,-0.429,51.512,-0.138
2111,51.59,-0.017,40.757,-73.97
2112,51.394,-0.089,51.544,0.0623
2113,51.504,-0.245,51.507,-0.266
2114,52.664,-1.091,51.43,-0.093
2115,51.588,-0.036,51.512,-0.026
2116,51.491,-0.205,51.528,-0.09
2117,52.664,-1.091,51.43,-0.093
2118,52.664,-1.091,51.43,-0.093
2119,51.394,-0.089,51.424,-0.058
2120,51.428,-0.429,51.512,-0.138
2121,51.494,-0.101,51.378,-0.28
2122,51.538,-0.057,51.538,-0.142
2123,51.445,-0.137,51.444,-0.106
2124,51.526,-0.327,51.424,-0.058
2125,51.553,0.0517,51.524,-0.318
2126,51.553,0.0517,51.524,-0.318
2127,51.532,-0.096,51.525,-0.129
2128,51.526,-0.327,51.62,-0.079
2129,51.523,-0.076,51.497,-0.017
2130,51.494,-0.145,51.519,-0.042
2131,51.494,-0.145,51.519,-0.042
2132,51.494,-0.145,51.519,-0.042
2133,51.53,-0.077,53.54,-2.534
2134,51.494,-0.145,51.519,-0.042
2135,51.641,-0.068,51.581,-0.112
2136,51.573,-0.283,51.526,-0.105
2137,51.392,-0.076,51.547,-0.143
2138,51.52,-0.073,51.52,-0.096
2139,51.467,-0.085,51.556,-0.138
2140,51.373,-0.414,51.577,-0.236
2141,51.458,-0.211,51.473,-0.205
2142,51.552,-0.14,51.531,-0.12
2143,51.521,-0.087,51.512,-0.066
2144,51.521,-0.087,51.512,-0.066
2145,51.543,-0.094,51.532,-0.095
2146,51.392,-0.076,51.538,-0.142
2147,51.392,-0.076,51.538,-0.142
2148,25.287,83.004,51.557,-0.125
2149,51.499,-0.134,51.532,-0.096
2150,51.54,0.1533,51.473,-0.056
2151,51.545,-0.081,51.481,-0.084
2152,51.514,-0.126,51.551,0.0251
2153,51.433,-0.154,51.557,-0.038
2154,51.464,-0.035,51.461,-0.225
2155,51.464,-0.214,51.567,0.0117
2156,51.461,-0.279,51.487,-0.097
2157,51.373,-0.414,50.82,-0.135
2158,51.464,-0.214,51.567,0.0117
2159,51.516,-0.04,51.509,-0.145
2160,51.495,-0.144,51.535,-0.125
2161,51.537,-0.057,51.532,-0.096
2162,51.497,-0.206,51.521,-0.087
2163,51.532,-0.096,51.525,-0.082
2164,52.924,-1.452,51.553,-0.073
2165,51.449,-0.099,51.424,-0.058
2166,52.924,-1.452,51.553,-0.073
2167,52.924,-1.452,51.553,-0.073
2168,51.518,-0.111,51.625,0.0316
2169,51.519,0.2019,51.478,-0.433
2170,51.519,0.2019,51.478,-0.433
2171,51.4,-0.209,51.523,-0.21
2172,51.551,-0.123,51.543,-0.122
2173,51.51,-0.225,51.485,-0.093
2174,51.546,-0.223,51.526,-0.21
2175,51.433,-0.122,51.519,-0.125
2176,51.504,-0.086,51.532,-0.03
2177,51.514,-0.19,39.737,-75.3
2178,51.504,-0.086,51.516,-0.13
2179,51.566,-0.416,51.524,0.06
2180,51.617,-0.253,51.547,-0.074
2181,51.548,-0.08,51.535,-0.056
2182,51.612,0.0307,51.527,-0.035
2183,51.541,-0.088,51.378,-0.28
2184,51.573,-0.283,51.487,-0.097
2185,51.569,-0.265,51.525,-0.083
2186,51.569,-0.265,51.544,-0.113
2187,51.543,-0.071,51.545,-0.075
2188,51.187,-0.806,51.57,-0.109
2189,51.567,-0.129,51.509,-0.145
2190,51.567,-0.129,51.509,-0.145
2191,51.614,-0.439,51.536,-0.071
2192,51.453,-0.191,51.42,-0.222
2193,51.541,-0.088,51.519,-0.125
2194,51.456,-0.24,51.554,-0.237
2195,51.598,0.2231,51.527,-0.035
2196,51.578,0.0235,51.462,0.1072
2197,51.536,-0.142,52.228,0.1413
2198,51.49,-0.127,52.228,0.1413
2199,51.453,-0.191,51.461,-0.203
2200,51.495,-0.144,51.535,-0.125
2201,51.543,-0.023,51.559,-0.051
2202,51.457,0.0305,51.487,-0.097
2203,51.393,0.0399,51.528,-0.048
2204,51.457,0.0305,51.501,-0.179
2205,51.453,-0.191,51.462,-0.113
2206,52.275,0.928,51.43,-0.093
2207,52.275,0.928,51.43,-0.093
2208,52.275,0.928,51.43,-0.093
2209,51.517,-0.073,51.498,-0.019
2210,51.433,-0.066,35.97,14.349
2211,51.507,-0.127,51.452,0.0157
2212,51.491,-0.248,51.449,-0.117
2213,51.507,-0.127,51.525,-0.135
2214,51.497,-0.206,51.525,-0.129
2215,51.485,-0.189,51.524,-0.302
2216,51.509,-0.276,51.579,-0.154
2217,51.475,-0.036,51.563,-0.058
2218,51.526,-0.066,51.523,-0.045
2219,51.497,-0.206,51.498,-0.237
2220,51.527,0.0184,51.557,-0.102
2221,51.532,-0.096,51.537,-0.09
2222,51.495,-0.226,51.54,-0.135
2223,51.524,-0.081,51.518,-0.135
2224,51.493,-0.244,51.42,-0.222
2225,51.524,-0.073,51.424,-0.058
2226,51.524,-0.073,51.424,-0.058
2227,51.526,-0.192,51.526,-0.098
2228,51.526,-0.192,51.526,-0.098
2229,51.475,-0.335,51.466,-0.127
2230,51.461,-0.116,51.463,-0.107
2231,51.493,-0.048,51.504,-0.058
2232,51.112,-4.176,51.557,-0.038
2233,51.535,0.0346,51.539,0.0291
2234,51.477,-0.127,51.561,-0.125
2235,51.475,-0.036,51.563,-0.058
2236,51.524,-0.099,51.535,-0.073
2237,51.626,-0.139,51.549,-0.061
2238,52.331,4.8721,51.489,0.0895
2239,51.55,-0.163,51.519,-0.125
2240,51.576,-0.072,51.551,0.0251
2241,51.477,-0.127,51.487,-0.097
2242,51.532,-0.088,54.473,-2.35
2243,51.526,-0.192,51.526,-0.098
2244,51.58,-0.096,37.085,-8.257
2245,51.112,-4.176,51.625,0.0316
2246,51.567,-0.105,51.596,-0.067
2247,55.955,-3.186,51.535,-0.06
2248,51.486,0.0113,51.536,-0.071
2249,51.509,-0.276,51.463,-0.107
2250,51.509,-0.276,51.463,-0.107
2251,51.5,-0.239,51.519,-0.042
2252,51.525,-0.026,51.498,-0.021
2253,51.497,-0.206,51.524,-0.318
2254,51.957,-0.255,51.639,-0.084
2255,51.532,-0.096,51.524,-0.082
2256,51.493,-0.103,51.496,-0.104
2257,51.51,-0.225,42.961,9.4512
2258,51.514,-0.157,51.539,0.0291
2259,51.567,0.1054,51.509,-0.145
2260,53.968,-1.09,51.566,-0.056
2261,51.491,-0.093,51.51,-0.136
2262,51.589,-0.108,51.583,-0.062
2263,51.54,0.651,51.583,-0.062
2264,51.54,0.651,51.583,-0.062
2265,52.044,-0.744,51.498,-0.021
2266,51.868,-0.418,51.523,-0.045
2267,51.384,-0.195,51.509,-0.145
2268,51.413,-0.205,51.508,-0.059
2269,51.652,-0.438,51.554,-0.153
2270,51.585,-0.079,51.541,-0.132
2271,51.532,-0.096,51.532,-0.096
2272,51.497,-0.206,51.498,-0.237
2273,51.478,0.0762,53.481,-2.233
2274,51.413,-0.229,51.674,-0.054
2275,51.577,-0.419,51.519,-0.125
2276,51.602,-0.334,51.52,-0.119
2277,51.475,-0.09,51.423,-0.062
2278,51.496,-0.168,51.524,0.06
2279,51.651,-0.197,50.104,14.449
2280,51.56,-0.12,51.498,-0.021
2281,51.48,-0.253,51.522,-0.078
2282,51.554,-0.233,51.62,-0.079
2283,51.564,-0.051,51.516,-0.13
2284,51.467,-0.167,51.462,-0.216
2285,51.564,-0.051,51.516,-0.13
2286,52.408,-1.542,51.536,0.0796
2287,51.565,-0.062,51.536,-0.071
2288,51.564,-0.051,51.516,-0.13
2289,51.481,-0.274,50.661,-4.581
2290,51.49,-0.179,51.418,-0.262
2291,51.544,-0.162,51.517,-0.071
2292,51.457,-0.118,51.523,-0.045
2293,51.387,-0.758,51.541,-0.064
2294,51.559,-0.302,51.424,-0.058
2295,51.438,-0.145,51.516,-0.132
2296,51.515,-0.065,51.538,-0.074
2297,51.553,-0.039,51.535,-0.06
2298,51.554,-0.233,51.543,-0.14
2299,51.536,-0.071,51.555,-0.057
2300,51.524,-0.073,51.6,-0.009
2301,51.524,-0.073,51.378,-0.28
2302,51.544,-0.162,51.571,-0.089
2303,51.583,-2.992,51.524,-0.318
2304,51.491,-0.16,51.552,-0.073
2305,51.518,-0.111,51.452,0.0157
2306,51.518,-0.111,51.451,-0.186
2307,51.521,-0.135,51.534,-0.064
2308,51.489,-0.25,51.543,-0.146
2309,51.562,-0.353,51.509,-0.145
2310,51.507,-0.066,51.483,-0.129
2311,51.562,-0.353,51.509,-0.145
2312,51.518,-0.111,51.519,-0.042
2313,51.524,-0.073,51.378,-0.28
2314,51.467,-0.167,51.471,-0.487
2315,51.423,-0.153,51.444,-0.206
2316,51.521,-0.135,51.509,-0.145
2317,51.453,-0.97,51.532,-0.096
2318,51.467,-0.167,51.278,1.0748
2319,51.462,-0.214,51.526,-0.098
2320,51.467,-0.167,51.505,-0.135
2321,51.554,-0.114,51.543,-0.146
2322,51.445,-0.137,51.444,-0.106
2323,51.476,-0.065,51.465,-0.038
2324,51.384,-0.195,51.524,-0.318
2325,51.476,-0.065,51.465,-0.038
2326,51.557,-0.243,51.526,-0.21
2327,51.58,-0.041,51.587,-0.039
2328,51.544,-0.162,51.487,-0.097
2329,51.523,-0.097,51.533,-0.095
2330,51.543,-0.026,51.536,-0.066
2331,51.535,-0.19,51.509,-0.145
2332,51.535,-0.19,51.509,-0.145
2333,51.557,-0.089,51.514,-0.126
2334,51.46,-0.297,51.561,-0.205
2335,51.484,0.0872,51.483,-0.058
2336,51.412,-0.186,51.464,-0.116
2337,51.44,-0.22,51.486,-0.224
2338,52.044,-0.744,51.524,-0.318
2339,51.515,-0.065,51.62,-0.079
2340,51.515,-0.065,51.57,-0.109
2341,51.515,-0.065,51.57,-0.109
2342,51.5,-0.239,51.569,-0.001
2343,51.523,-0.097,51.526,-0.098
2344,51.553,-0.189,51.013,-1.311
2345,51.583,0.0364,51.498,-0.021
2346,51.527,0.1093,51.52,-0.119
2347,51.448,-0.041,51.537,-0.103
2348,51.448,-0.041,51.509,-0.145
2349,51.448,-0.041,51.509,-0.145
2350,51.55,-0.148,51.487,-0.147
2351,51.68,-0.59,51.515,-0.129
2352,51.5,-0.104,51.512,-0.066
2353,51.441,-0.191,51.505,-0.135
2354,51.574,0.1845,51.52,-0.096
2355,51.52,-0.093,51.528,-0.049
2356,51.574,-0.094,51.543,-0.14
2357,51.488,-0.04,51.535,-0.056
2358,51.491,-0.136,51.523,-0.045
2359,51.514,-0.149,51.509,-0.145
2360,51.62,-0.059,51.492,-0.157
2361,51.538,-0.186,51.543,-0.14
2362,51.471,-0.098,51.509,-0.145
2363,51.567,-0.129,52.564,-1.819
2364,51.43,0.0201,51.552,-0.143
2365,51.601,-0.194,51.546,-0.104
2366,51.537,-0.372,51.532,-0.096
2367,51.494,-0.081,51.511,-0.08
2368,51.471,-0.098,51.509,-0.145
2369,51.551,-0.034,51.523,-0.045
2370,51.568,-0.076,51.523,-0.045
2371,51.463,-0.201,51.435,-0.132
2372,51.518,-0.133,51.521,-0.087
2373,51.518,-0.133,51.527,-0.091
2374,51.518,-0.133,51.529,-0.073
2375,51.509,-0.332,51.458,-0.19
2376,51.511,-0.265,51.509,-0.276
2377,51.518,-0.133,51.521,-0.087
2378,51.477,-0.081,51.509,-0.145
2379,51.626,-0.102,51.546,-0.104
2380,51.549,-0.088,52.966,-2.817
2381,51.475,-0.09,51.423,-0.062
2382,51.549,-0.075,51.554,-0.066
2383,51.504,-0.129,51.532,-0.095
2384,51.534,-0.228,51.452,0.0157
2385,51.516,-0.13,51.52,0.0155
2386,51.501,-0.112,51.518,-0.135
2387,51.54,-0.152,51.525,-0.129
2388,51.514,-0.12,51.6,-0.009
2389,51.719,-0.83,51.531,-0.089
2390,51.622,-0.111,51.528,-0.09
2391,51.448,-0.041,51.537,-0.103
2392,51.512,-0.124,51.516,-0.13
2393,51.595,-0.09,51.536,-0.071
2394,51.541,-0.088,51.513,-0.232
2395,51.626,-0.102,51.551,-0.041
2396,52.408,-1.542,51.519,-0.042
2397,51.614,-0.277,51.561,-0.205
2398,51.532,-0.096,51.556,0.0158
2399,51.555,-0.233,51.509,-0.145
2400,51.543,-0.146,51.503,-0.13
2401,51.554,-0.136,51.537,-0.103
2402,51.554,-0.136,51.543,-0.122
2403,51.588,-0.035,51.715,-0.063
2404,53.893,-2.349,51.485,-0.093
2405,51.47,-0.367,51.507,-0.336
2406,51.594,-0.078,51.52,-0.119
2407,51.488,-0.058,51.461,-0.036
2408,51.392,-0.134,51.513,-0.228
2409,51.392,-0.134,51.513,-0.228
2410,51.43,-0.099,51.502,-0.092
2411,51.502,-0.05,51.43,-0.093
2412,51.511,-0.316,51.511,-0.319
2413,51.514,-0.129,51.512,-0.026
2414,51.537,-0.052,52.966,-2.817
2415,51.537,-0.052,52.966,-2.817
2416,51.481,-0.078,51.547,-0.074
2417,51.481,-0.078,51.547,-0.074
2418,51.497,-0.281,51.505,-0.135
2419,51.546,0.0015,51.532,-0.076
2420,51.567,0.2201,51.523,-0.045
2421,51.569,-0.01,51.543,-0.122
2422,51.558,0.1802,51.487,-0.092
2423,51.594,-0.022,51.496,-0.13
2424,51.546,0.0015,51.586,-0.056
2425,51.544,-0.029,51.487,-0.147
2426,51.511,-0.174,51.487,-0.097
2427,51.563,-0.072,51.378,-0.28
2428,51.545,-0.141,51.527,-0.091
2429,51.545,-0.141,51.527,-0.091
2430,51.525,-0.083,51.569,-0.001
2431,51.497,-0.281,51.546,-0.152
2432,51.521,-0.087,51.512,-0.066
2433,51.508,-0.059,51.557,-0.038
2434,51.521,-0.087,51.512,-0.066
2435,51.547,8.7,51.532,0.0129
2436,51.404,-0.157,51.509,-0.145
2437,51.467,-0.167,51.471,-0.487
2438,51.545,-0.163,51.536,-0.071
2439,51.493,0.3072,51.512,-0.066
2440,51.493,-0.169,51.537,-0.103
2441,51.525,-0.191,51.635,-0.135
2442,51.529,-0.046,51.567,-0.122
2443,51.532,-0.096,51.586,-0.253
2444,51.545,-0.163,51.557,-0.088
2445,51.573,-0.256,51.516,-0.06
2446,51.41,-0.186,51.463,-0.107
2447,51.552,-0.11,52.228,0.1413
2448,51.481,-0.178,51.501,-0.179
2449,25.253,55.297,51.418,-0.262
2450,51.547,8.7,51.553,0.056
2451,51.547,8.7,51.525,-0.083
2452,51.626,-0.102,51.545,-0.075
2453,51.392,-0.134,51.503,-0.111
2454,51.802,-1.074,51.478,-0.096
2455,51.479,-0.046,51.504,-0.129
2456,51.511,-0.316,51.526,-0.098
2457,51.453,-0.191,51.462,-0.113
2458,51.473,-0.016,51.524,-0.034
2459,51.528,-0.106,51.496,-0.13
2460,51.509,-0.134,51.571,-0.123
2461,51.597,-0.011,51.547,-0.042
2462,37.48,15.084,51.561,-0.205
2463,51.542,-0.003,51.527,-0.035
2464,51.467,-0.099,51.478,-0.096
2465,51.507,-0.127,51.502,-0.103
2466,51.564,0.012,51.464,-0.116
2467,51.467,-0.099,51.444,-0.057
2468,51.355,-0.025,51.557,-0.038
2469,51.543,-0.023,51.559,-0.051
2470,51.516,0.0127,51.591,0.0301
2471,51.587,-0.079,51.552,-0.073
2472,51.532,-0.096,51.551,0.0251
2473,51.544,0.0623,51.523,-0.045
2474,51.477,-0.081,51.889,0.2615
2475,51.505,-0.086,51.509,-0.145
2476,51.457,-0.118,51.442,-0.058
2477,51.567,-0.105,51.477,-0.332
2478,51.567,-0.105,51.477,-0.332
2479,51.455,-0.124,51.576,-0.005
2480,51.526,-0.105,51.542,-0.132
2481,45.478,9.1388,51.526,-0.105
2482,51.567,-0.105,51.477,-0.332
2483,51.511,-0.316,51.511,-0.319
2484,51.46,-0.212,51.525,-0.083
2485,51.511,-0.316,51.511,-0.319
2486,51.49,-0.215,51.53,-0.284
2487,51.525,-0.191,51.635,-0.135
2488,51.23,6.726,51.526,-0.137
2489,51.413,-0.2,45.944,6.4351
2490,51.592,0.6089,51.506,-0.128
2491,51.546,-0.176,51.62,-0.079
2492,51.443,-0.055,51.485,-0.093
2493,51.513,-0.284,52.228,0.1413
2494,51.49,-0.215,51.53,-0.284
2495,51.545,-0.141,51.609,-0.176
2496,51.622,-0.111,51.528,-0.09
2497,51.567,-0.011,51.572,-0.1
2498,51.514,-0.133,51.449,-0.117
2499,51.462,-0.254,51.553,0.056
2500,51.506,-0.022,51.464,-0.056